Year,Police_Department,Officers_per_10K_Population,Officers,Total_Employees_per_10K_Population,Total_Employees,Population
2016,"Medina, Ohio",13.7,36,17.5,46,26277.37226
2016,"Elizabeth, New Jersey",22.7,293,30.1,388,129074.8899
2016,"Pasco, Washington",10,71,11.7,83,71000
2016,"Lake Jackson, Texas",15.9,44,21.3,59,27672.95597
2016,"Matthews, North Carolina",17.5,55,21.7,68,31428.57143
2016,"Abington Township, Pennsylvania",16.5,92,20.5,114,55757.57576
2016,"Burlingame, California",11.7,36,18.2,56,30769.23077
2016,"Bartlesville, Oklahoma",16.6,61,22.6,83,36746.98795
2016,"Stillwater, Oklahoma",14.5,72,22.4,111,49655.17241
2016,"Wake Forest, North Carolina",17,68,20.8,83,40000
2016,"Barberton, Ohio",16,42,16.8,44,26250
2016,"Owatonna, Minnesota",14,36,15.1,39,25714.28571
2016,"Yuma, Arizona",18,170,27.2,258,94444.44444
2016,"Chester, Pennsylvania",27.3,93,30.2,103,34065.93407
2016,"Brentwood, California",10.2,62,13.7,83,60784.31373
2016,"Cheyenne, Wyoming",15.9,102,19.2,123,64150.9434
2016,"Williamsport, Pennsylvania",17.5,51,18.9,55,29142.85714
2016,"Sioux Falls, South Dakota",13.6,239,15.8,276,175735.2941
2016,"St. Cloud, Florida",16.7,79,24.7,117,47305.38922
2016,"Troy, Ohio",16.3,42,17.1,44,25766.87117
2016,"Upper Dublin Township, Pennsylvania",15.2,40,17.5,46,26315.78947
2016,"Fond du Lac, Wisconsin",17,73,18.6,80,42941.17647
2016,"Cumberland, Rhode Island",12.4,43,15.6,54,34677.41935
2016,"Southgate, Michigan",12.3,36,13.7,40,29268.29268
2016,"Statesboro, Georgia",19.6,61,25.7,80,31122.44898
2016,"Webster Town and Village, New York",7.2,32,8.1,36,44444.44444
2016,"Marana, Arizona",20.6,88,27.1,116,42718.4466
2016,"Douglasville, Georgia",29.1,97,36.7,122,33333.33333
2016,"Middletown Township, New Jersey",17,112,20.5,135,65882.35294
2016,"Norfolk, Virginia",29.2,718,33,811,245890.411
2016,"Eau Claire, Wisconsin",14.5,99,19.7,134,68275.86207
2016,"Moore, Oklahoma",14.3,88,15.1,93,61538.46154
2016,"Deptford Township, New Jersey",21.1,64,22.7,69,30331.75355
2016,"Daytona Beach, Florida",33.3,218,38.2,250,65465.46547
2016,"Inglewood, California",15.6,175,19.5,219,112179.4872
2016,"Lower Makefield Township, Pennsylvania",11.6,38,12.8,42,32758.62069
2016,"Fort Lauderdale, Florida",28,508,36.5,662,181428.5714
2016,"Stockton, California",13.4,412,19.8,610,307462.6866
2016,"Montclair, California",12,47,17.4,68,39166.66667
2016,"Delaware, Ohio",13.5,52,15.3,59,38518.51852
2016,"Kannapolis, North Carolina",16.9,79,22.6,106,46745.56213
2016,"Decatur, Alabama",24,133,26.7,148,55416.66667
2016,"Watertown, New York",24.3,65,25.4,68,26748.97119
2016,"Ocoee, Florida",17,77,19.6,89,45294.11765
2016,"Brooklyn Center, Minnesota",15.5,48,19.4,60,30967.74194
2016,"Mason, Ohio",13.9,46,15.4,51,33093.52518
2016,"Tucson, Arizona",16.3,870,21.9,"1,168",533742.3313
2016,"Woodland, California",10.3,61,12.7,75,59223.30097
2016,"Rockledge, Florida",18.5,50,26.3,71,27027.02703
2016,"Logan, Utah",10.8,55,16.5,84,50925.92593
2016,"Evanston, Illinois",21.9,166,30,227,75799.08676
2016,"New Braunfels, Texas",16,117,19.4,142,73125
2016,"Fredericksburg, Virginia",22.9,66,31.6,91,28820.9607
2016,"Westfield, Indiana",11.8,45,13.1,50,38135.59322
2016,"Huntington Beach, California",10.5,214,16.4,334,203809.5238
2016,"Mount Pleasant, Wisconsin",18.3,48,20.2,53,26229.5082
2016,"Slidell, Louisiana",23.8,67,35.2,99,28151.2605
2016,"Long Beach, New York",20.2,68,25.3,85,33663.36634
2016,"Grand Forks, North Dakota",14.5,84,17.1,99,57931.03448
2016,"Ocala, Florida",27.1,159,39.4,231,58671.58672
2016,"Santa Rosa, California",9.8,172,14.2,251,175510.2041
2016,"Detroit, Michigan",35.1,"2,350",42.6,"2,855",669515.6695
2016,"Chesterfield, Missouri",18.8,90,20.9,100,47872.34043
2016,"Wethersfield, Connecticut",18.2,48,23.2,61,26373.62637
2016,"Oak Park, Michigan",16.4,49,20.4,61,29878.04878
2016,"Radnor Township, Pennsylvania",13.3,42,14.5,46,31578.94737
2016,"Bradenton, Florida",21.3,118,26.1,145,55399.06103
2016,"Poughkeepsie, New York",30.1,91,41.3,125,30232.55814
2016,"Modesto, California",10.1,214,14.1,300,211881.1881
2016,"Washington, Utah",9.4,24,10.2,26,25531.91489
2016,"Penn Hills, Pennsylvania",12,50,12.7,53,41666.66667
2016,"Suffolk, Virginia",20.6,182,27.5,243,88349.51456
2016,"Mount Olive Township, New Jersey",16.2,47,19.2,56,29012.34568
2016,"Bellevue, Washington",12.3,175,15.1,215,142276.4228
2016,"Valdosta, Georgia",24.2,135,28.1,157,55785.12397
2016,"St. Peters, Missouri",15.4,89,19.5,113,57792.20779
2016,"Winston-Salem, North Carolina",22,536,28.7,699,243636.3636
2016,"Cottonwood Heights, Utah",12.2,42,15.1,52,34426.22951
2016,"South Brunswick Township, New Jersey",17.4,80,23.1,106,45977.01149
2016,"Auburn, Alabama",17.2,110,18.2,116,63953.48837
2016,"Danbury, Connecticut",17.1,146,17.7,151,85380.11696
2016,"Belleville, New Jersey",30.6,111,33.1,120,36274.5098
2016,"Chico, California",9.4,86,15,137,91489.3617
2016,"Lawrenceville, Georgia",22.6,70,30.4,94,30973.45133
2016,"Canton Township, Michigan",9.1,82,13.2,119,90109.89011
2016,"Falmouth, Massachusetts",17.5,55,18.8,59,31428.57143
2016,"North Miami, Florida",18.1,114,25.4,160,62983.42541
2016,"Hemet, California",7.3,62,10.8,92,84931.50685
2016,"Cambridge, Massachusetts",24.9,277,29,322,111244.9799
2016,"Clermont, Florida",19.6,65,21.4,71,33163.26531
2016,"Salem, Virginia",24.4,62,33.5,85,25409.83607
2016,"Hurst, Texas",19.1,75,30.8,121,39267.01571
2016,"Idaho Falls, Idaho",14.6,87,22.1,132,59589.0411
2016,"Yuba City, California",7.7,52,11.6,78,67532.46753
2016,"Homestead, Florida",16.5,112,22.5,152,67878.78788
2016,"SeaTac, Washington",15.1,43,21.1,60,28476.82119
2016,"Newark, New Jersey",39.5,"1,113",49.1,"1,383",281772.1519
2016,"Richmond, Virginia",30.6,680,36.1,802,222222.2222
2016,"Doral, Florida",20.2,118,27.1,158,58415.84158
2016,"Carbondale, Illinois",25.4,67,31.5,83,26377.95276
2016,"Lehi, Utah",7.7,47,8.7,53,61038.96104
2016,"Boulder, Colorado",16.1,176,24.5,267,109316.7702
2016,"Flower Mound, Texas",11.2,81,16.7,121,72321.42857
2016,"Gainesville, Georgia",24.9,98,28.2,111,39357.42972
2016,"Parkland, Florida",12.7,40,14.3,45,31496.06299
2016,"Livonia, Michigan",15.6,147,19.7,186,94230.76923
2016,"Fort Pierce, Florida",24,108,29.6,133,45000
2016,"Novi, Michigan",10.4,62,14.1,84,59615.38462
2016,"Mount Pleasant Town, New York",15.2,41,17.5,47,26973.68421
2016,"Santa Monica, California",21.7,204,39.8,374,94009.21659
2016,"Shoreline, Washington",9.5,53,13.1,73,55789.47368
2016,"Stratford, Connecticut",18.9,100,20.2,107,52910.05291
2016,"Woodstock, Georgia",16,50,17.6,55,31250
2016,"Pinellas Park, Florida",19.4,101,23.2,121,52061.85567
2016,"Sparks, Nevada",11.3,110,16,156,97345.13274
2016,"San Luis Obispo, California",11.5,55,16.3,78,47826.08696
2016,"Braintree, Massachusetts",20.4,77,24.4,92,37745.09804
2016,"Northern York Regional, Pennsylvania",7.1,49,7.7,53,69014.08451
2016,"Plum, Pennsylvania",8.7,24,10.9,30,27586.2069
2016,"Yukon, Oklahoma",16.2,43,23,61,26543.20988
2016,"Indianapolis, Indiana",18.6,"1,612",20.8,"1,806",866666.6667
2016,"El Centro, California",10.9,48,16.1,71,44036.69725
2016,"Bowling Green, Kentucky",18,116,23.4,151,64444.44444
2016,"Charlottesville, Virginia",26.4,124,33.4,157,46969.69697
2016,"Fairfield, California",10,114,14.8,169,114000
2016,"Daphne, Alabama",19.6,50,28.9,74,25510.20408
2016,"Fort Smith, Arkansas",15.9,141,21.3,189,88679.24528
2016,"Oceanside, California",11.5,204,15.7,278,177391.3043
2016,"Saugus, Massachusetts",20.6,58,25.6,72,28155.33981
2016,"McMinnville, Oregon",10.8,37,12.6,43,34259.25926
2016,"Cranston, Rhode Island",18.1,147,21.7,176,81215.46961
2016,"Rocky Mount, North Carolina",28.9,160,36.4,202,55363.3218
2016,"Salisbury, Maryland",26.9,90,34.1,114,33457.24907
2016,"Houma, Louisiana",23.5,81,28.5,98,34468.08511
2016,"Westtown-East Goshen Regional, Pennsylvania",9.2,30,10.1,33,32608.69565
2016,"Tampa, Florida",25.3,951,32.2,"1,212",375889.3281
2016,"Opelika, Alabama",27.8,84,34.5,104,30215.82734
2016,"West Springfield, Massachusetts",29.3,84,32.4,93,28668.94198
2016,"Tewksbury, Massachusetts",18.9,59,23.7,74,31216.93122
2016,"Toledo, Ohio",21.3,592,23.4,652,277934.2723
2016,"Aberdeen, South Dakota",15.8,45,18.9,54,28481.01266
2016,"Xenia, Ohio",15.7,41,25.7,67,26114.64968
2016,"Alabaster, Alabama",18.5,61,24.2,80,32972.97297
2016,"Bristol, Tennessee",25.9,69,33,88,26640.92664
2016,"Rio Rancho, New Mexico",14.1,135,24.4,233,95744.68085
2016,"Kingsport, Tennessee",21.3,113,28.8,153,53051.64319
2016,"Lawrence, Massachusetts",16,129,18.2,147,80625
2016,"Overland Park, Kansas",12.9,243,15.8,298,188372.093
2016,"Fitchburg, Wisconsin",17.1,49,21.3,61,28654.97076
2016,"Concord, North Carolina",18.6,166,21.7,194,89247.31183
2016,"Burleson, Texas",13.5,61,18.2,82,45185.18519
2016,"South Pasadena, California",13.3,35,18.7,49,26315.78947
2016,"Northville Township, Michigan",9.3,27,13.2,38,29032.25806
2016,"Eastpointe, Michigan",11.3,37,12.5,41,32743.36283
2016,"Santa Fe, New Mexico",19.6,166,25.2,213,84693.87755
2016,"Hoffman Estates, Illinois",16.9,88,19.7,103,52071.00592
2016,"Buena Park, California",9.7,81,14.4,121,83505.15464
2016,"Marlboro Township, New Jersey",17.9,73,25.3,103,40782.12291
2016,"Johnston, Rhode Island",22.8,67,27.3,80,29385.96491
2016,"Sterling Heights, Michigan",10.9,145,12.5,165,133027.5229
2016,"Walla Walla, Washington",14.2,46,22,71,32394.3662
2016,"Commerce City, Colorado",17.3,96,21.7,120,55491.32948
2016,"Ocean Township, Monmouth County, New Jersey",22.5,61,27.3,74,27111.11111
2016,"Buckeye, Arizona",13.3,86,17.3,112,64661.65414
2016,"New Rochelle, New York",18.9,152,26.2,211,80423.28042
2016,Metropolitan Police Department of the District of Columbia,55.1,"3,753",63.9,"4,352",681125.2269
2016,"Prescott, Arizona",16.1,68,19.1,81,42236.02484
2016,"Rome, New York",22.9,74,23.5,76,32314.41048
2016,"Spanish Fork, Utah",8.3,32,9.6,37,38554.21687
2016,"Glendale, California",11.4,232,16.2,328,203508.7719
2016,"St. Louis, Missouri",38,"1,194",51.9,"1,632",314210.5263
2016,"Middletown, New York",23.1,64,27,75,27705.62771
2016,"Port Chester Village, New York",20.5,61,21.2,63,29756.09756
2016,"Redlands, California",11.2,80,16.5,118,71428.57143
2016,"Martinez, California",8.6,33,11.7,45,38372.09302
2016,"Hamilton, Ohio",17.8,111,19.2,120,62359.55056
2016,"Shrewsbury, Massachusetts",12.2,45,15.5,57,36885.2459
2016,"Monterey Park, California",11.2,69,15.9,98,61607.14286
2016,"Somerville, Massachusetts",15.7,127,17.6,142,80891.71975
2016,"Mansfield, Ohio",17.6,82,24.9,116,46590.90909
2016,"Mauldin, South Carolina",19.2,49,23.5,60,25520.83333
2016,"West Orange, New Jersey",20.5,97,23.4,111,47317.07317
2016,"Hackensack, New Jersey",26.5,119,30.7,138,44905.66038
2016,"Paso Robles, California",9.7,31,13.8,44,31958.76289
2016,"York Area Regional, Pennsylvania",8,44,8.7,48,55000
2016,"Evansville, Indiana",23.4,281,25.4,305,120085.4701
2016,"Spring Township, Berks County, Pennsylvania",10.5,29,10.9,30,27619.04762
2016,"Hillsboro, Oregon",12.7,133,17.7,185,104724.4094
2016,"El Paso, Texas",14.7,"1,013",18,"1,236",689115.6463
2016,"Huntington, West Virginia",21.6,105,23.9,116,48611.11111
2016,"American Fork/Cedar Hills, Utah",9,35,10.8,42,38888.88889
2016,"Kankakee, Illinois",25.7,68,27.2,72,26459.14397
2016,"Morgantown, West Virginia",20.9,65,24.4,76,31100.47847
2016,"Easton, Pennsylvania",23,62,24.5,66,26956.52174
2016,"Bernards Township, New Jersey",14.1,38,15.9,43,26950.35461
2016,"Burlington, Massachusetts",24.9,65,28,73,26104.41767
2016,"Bethel Park, Pennsylvania",11.8,38,13.7,44,32203.38983
2016,"Whittier, California",13.7,120,19,167,87591.24088
2016,"Port Huron, Michigan",18.5,54,23.6,69,29189.18919
2016,"Morgan Hill, California",8.9,39,13.4,59,43820.22472
2016,"Racine, Wisconsin",24.6,191,27.7,215,77642.27642
2016,"La Crosse, Wisconsin",17.5,92,20.8,109,52571.42857
2016,"New London, Connecticut",28.4,77,34,92,27112.67606
2016,"Urbana, Illinois",12.7,54,16,68,42519.68504
2016,"Shelby Township, Michigan",8.4,66,10.8,85,78571.42857
2016,"Moline, Illinois",18.6,79,23,98,42473.11828
2016,"Waterloo, Iowa",18.1,124,19.4,133,68508.28729
2016,"Deer Park, Texas",16.4,56,24.3,83,34146.34146
2016,"Agawam, Massachusetts",16.3,47,19.8,57,28834.35583
2016,"Park Ridge, Illinois",14.3,54,17.5,66,37762.23776
2016,"Livingston Township, New Jersey",22.8,68,26.5,79,29824.5614
2016,"Downers Grove, Illinois",14.2,71,19.6,98,50000
2016,"Leesburg, Virginia",12.8,68,15.7,83,53125
2016,"Nashua, New Hampshire",19.7,174,26.6,235,88324.8731
2016,"Wauwatosa, Wisconsin",18.2,87,23.7,113,47802.1978
2016,"The Colony, Texas",13.5,58,20.7,89,42962.96296
2016,"Woodbury, Minnesota",9.7,67,11.4,79,69072.16495
2016,"La Porte, Texas",21.2,75,29.9,106,35377.35849
2016,"Ross Township, Pennsylvania",13.9,43,14.6,45,30935.2518
2016,"Sun Prairie, Wisconsin",15.8,52,20.9,69,32911.39241
2016,"Round Rock, Texas",13.2,158,19,227,119696.9697
2016,"Pullman, Washington",8.7,29,12,40,33333.33333
2016,"Sarasota, Florida",29.2,163,37.5,209,55821.91781
2016,"Franklin, Wisconsin",16.2,59,20.7,75,36419.75309
2016,"Glendora, California",9.7,51,16.4,86,52577.31959
2016,"Asheville, North Carolina",22.3,200,29.4,263,89686.09865
2016,"Carlsbad, California",9,103,13,150,114444.4444
2016,"Lakeville, Minnesota",8.9,55,10.4,64,61797.75281
2016,"Wichita Falls, Texas",19,199,27.1,284,104736.8421
2016,"Conway, Arkansas",19.1,126,25.1,166,65968.58639
2016,"Elyria, Ohio",14.7,79,17.5,94,53741.4966
2016,"Grand Blanc Township, Michigan",10.7,39,12.6,46,36448.59813
2016,"Fairfield, Connecticut",17.3,107,18.3,113,61849.71098
2016,"DeLand, Florida",18.1,56,24,74,30939.22652
2016,"St. Joseph, Missouri",16.3,125,22.1,169,76687.11656
2016,"Montgomery, Alabama",25.2,503,30.8,614,199603.1746
2016,"Omaha, Nebraska",17.9,798,20.8,926,445810.0559
2016,"Leawood, Kansas",15.9,56,21.9,77,35220.12579
2016,"Benton, Arkansas",18.3,64,25.8,90,34972.6776
2016,"Belmont, Massachusetts",17.9,46,23.4,60,25698.32402
2016,"West Fargo, North Dakota",14.4,51,17.2,61,35416.66667
2016,"Corona, California",9.5,158,13.5,225,166315.7895
2016,"Pacifica, California",8.3,33,8.8,35,39759.03614
2016,"Lubbock, Texas",15.5,392,20.8,526,252903.2258
2016,"Stevens Point, Wisconsin",16.5,44,18.1,48,26666.66667
2016,"Bullhead City, Arizona",18,71,28.7,113,39444.44444
2016,"Fountain, Colorado",18.1,51,22.1,62,28176.79558
2016,"Apple Valley, Minnesota",10.1,52,11.6,60,51485.14851
2016,"Paterson, New Jersey",26,383,32.5,478,147307.6923
2016,"Missoula, Montana",14.5,104,18.1,130,71724.13793
2016,"West Covina, California",8.5,93,14.3,156,109411.7647
2016,"Marshalltown, Iowa",14.8,41,21,58,27702.7027
2016,"Prescott Valley, Arizona",14.2,61,18.9,81,42957.74648
2016,"Temple Terrace, Florida",19.3,50,25.4,66,25906.73575
2016,"Nutley Township, New Jersey",25.8,74,30,86,28682.17054
2016,"Inver Grove Heights, Minnesota",11.1,39,12.6,44,35135.13514
2016,"Santa Barbara, California",15.1,140,22.2,205,92715.23179
2016,"Amherst Town, New York",12.4,149,14.9,179,120161.2903
2016,"Hazelwood, Missouri",26.1,67,30.4,78,25670.49808
2016,"Fairfield, Ohio",14.2,61,18.5,79,42957.74648
2016,"Wellesley, Massachusetts",13.4,39,15.5,45,29104.47761
2016,"Boston, Massachusetts",31.5,"2,125",39.7,"2,678",674603.1746
2016,"San Leandro, California",9.8,90,14.3,131,91836.73469
2016,"Annapolis, Maryland",27.5,109,38.5,153,39636.36364
2016,"Athens, Alabama",18.7,48,23,59,25668.4492
2016,"Rohnert Park, California",13.8,59,19.9,85,42753.62319
2016,"Westerville, Ohio",19.1,74,26.3,102,38743.4555
2016,"Lacey, Washington",10.6,50,12.3,58,47169.81132
2016,"Paragould, Arkansas",17,48,20.9,59,28235.29412
2016,"Leavenworth, Kansas",14.4,52,20.8,75,36111.11111
2016,"Southington, Connecticut",15.5,68,20.3,89,43870.96774
2016,"Culver City, California",25.1,100,38.4,153,39840.63745
2016,"Santa Paula, California",9.7,30,12.3,38,30927.83505
2016,"Bangor, Maine",23.6,76,28.5,92,32203.38983
2016,"Monroe Township, Middlesex County, New Jersey",12.2,55,16,72,45081.96721
2016,"Upper Merion Township, Pennsylvania",22.3,64,27.9,80,28699.55157
2016,"Lexington, Massachusetts",14,47,18.1,61,33571.42857
2016,"St. Charles, Illinois",15.5,52,18.8,63,33548.3871
2016,"Blaine, Minnesota",9.3,59,11.1,70,63440.86022
2016,"Shaler Township, Pennsylvania",9.1,26,9.8,28,28571.42857
2016,"Fremont, Nebraska",14,37,15.9,42,26428.57143
2016,"North Miami Beach, Florida",23.9,106,31.5,140,44351.46444
2016,"Delhi Township, Ohio",10.1,30,10.8,32,29702.9703
2016,"Franklin, Tennessee",17.1,128,18.6,139,74853.80117
2016,"Monroe Township, Gloucester County, New Jersey",18.2,67,19.8,73,36813.18681
2016,"Old Bridge Township, New Jersey",13.4,90,17.4,117,67164.1791
2016,"Troy, Michigan",12.2,102,17.8,149,83606.55738
2016,"Jeffersontown, Kentucky",18.1,49,21.8,59,27071.8232
2016,"Shreveport, Louisiana",26.7,524,36.2,711,196254.6816
2016,"Caldwell, Idaho",12.1,64,14.8,78,52892.56198
2016,"Fall River, Massachusetts",24.7,218,30,265,88259.10931
2016,"Waxahachie, Texas",17.3,59,22.3,76,34104.04624
2016,"Pasadena, California",16.3,234,24.9,357,143558.2822
2016,"Redmond, Washington",12.8,79,19.9,123,61718.75
2016,"Dedham, Massachusetts",22.4,57,23.2,59,25446.42857
2016,"Wallkill Town, New York",13.7,39,14,40,28467.15328
2016,"Cabot, Arkansas",16.2,42,20.4,53,25925.92593
2016,"Bettendorf, Iowa",12.5,45,14.5,52,36000
2016,"Springfield, Missouri",20.4,344,24.8,418,168627.451
2016,"Long Branch, New Jersey",26.5,82,33.3,103,30943.39623
2016,"Gilroy, California",11.5,62,16.1,87,53913.04348
2016,"Cypress, California",10.7,53,13.9,69,49532.71028
2016,"Gates Town, New York",10.5,30,12.2,35,28571.42857
2016,"Cedar Park, Texas",11.6,80,16.8,116,68965.51724
2016,"Millcreek Township, Pennsylvania",11.5,62,14.4,78,53913.04348
2016,"Salinas, California",8.4,134,12,191,159523.8095
2016,"Napa, California",8.5,69,13.6,110,81176.47059
2016,"Allen Park, Michigan",14.7,40,15.8,43,27210.88435
2016,"Fort Lee, New Jersey",24.5,90,29.9,110,36734.69388
2016,"Honolulu, Hawaii",20.5,"2,042",25.5,"2,537",996097.561
2016,"Mooresville, North Carolina",21.7,79,26.9,98,36405.52995
2016,"Nacogdoches, Texas",18.5,63,25.5,87,34054.05405
2016,"Waterford Township, Michigan",7.2,53,9.5,70,73611.11111
2016,"Jacksonville, Florida",20,"1,758",33.5,"2,947",879000
2016,"Everett, Massachusetts",21.6,101,23.5,110,46759.25926
2016,"Kyle, Texas",9.1,34,15.8,59,37362.63736
2016,"Boise, Idaho",12.3,272,16.4,363,221138.2114
2016,"Dover, New Hampshire",16.1,50,23.5,73,31055.90062
2016,"Beaverton, Oregon",13.7,134,17.5,171,97810.21898
2016,"Arlington, Massachusetts",14.7,66,18.7,84,44897.95918
2016,"Independence, Missouri",15.7,184,21.9,257,117197.4522
2016,"Jonesboro, Arkansas",20.6,155,24.2,182,75242.71845
2016,"Brookfield, Wisconsin",18.4,70,23.1,88,38043.47826
2016,"Westport, Connecticut",22,62,26.6,75,28181.81818
2016,"Marietta, Georgia",23,137,29.4,175,59565.21739
2016,"Orange, New Jersey",31.8,97,38.7,118,30503.14465
2016,"Chicago, Illinois",43.9,"11,954",48.2,"13,135",2723006.834
2016,"Marlborough, Massachusetts",16.3,65,19.3,77,39877.30061
2016,"Kingman, Arizona",18.6,54,24.4,71,29032.25806
2016,"Danville, Virginia",29.7,124,31.7,132,41750.84175
2016,"Denver, Colorado",21.2,"1,483",25.7,"1,799",699528.3019
2016,"Anaheim, California",11.5,408,15.9,562,354782.6087
2016,"Watsonville, California",12.6,68,15.9,86,53968.25397
2016,"Holland, Michigan",16.8,57,19.2,65,33928.57143
2016,"Kirkland, Washington",10.6,94,14.7,130,88679.24528
2016,"Haverford Township, Pennsylvania",14.2,70,16.7,82,49295.77465
2016,"Joliet, Illinois",17.8,263,22.3,330,147752.809
2016,"Jackson Township, New Jersey",15.4,87,18.6,105,56493.50649
2016,"Auburn, Washington",13.8,108,16.3,128,78260.86957
2016,"Houston, Texas",22.2,"5,182",28.4,"6,632",2334234.234
2016,"Lauderdale Lakes, Florida",11.1,39,11.6,41,35135.13514
2016,"Chicopee, Massachusetts",23.2,132,23.9,136,56896.55172
2016,"Fort Myers, Florida",23.4,179,31.1,238,76495.7265
2016,"Owensboro, Kentucky",15.2,90,22.9,136,59210.52632
2016,"Arlington Heights, Illinois",14.2,108,17.9,136,76056.33803
2016,"East Chicago, Indiana",33,94,35.4,101,28484.84848
2016,"Springfield Township, Hamilton County, Ohio",12.9,47,14.8,54,36434.10853
2016,"Downey, California",9.2,106,13.1,150,115217.3913
2016,"McHenry, Illinois",17.3,46,21.4,57,26589.59538
2016,"Fitchburg, Massachusetts",19.3,78,23.3,94,40414.50777
2016,"Lake Charles, Louisiana",23.8,183,24.2,186,76890.7563
2016,"Flint, Michigan",10.6,103,12,117,97169.81132
2016,"Cape Coral, Florida",12.3,221,17,306,179674.7967
2016,"Rowlett, Texas",12.4,76,16.7,102,61290.32258
2016,"Columbia, Missouri",12.4,150,15,182,120967.7419
2016,"Chandler, Arizona",12.4,329,18.7,497,265322.5806
2016,"Redwood City, California",10.5,91,13.3,116,86666.66667
2016,"Canton, Georgia",17.3,45,19.2,50,26011.56069
2016,"Norristown, Pennsylvania",19.5,67,23.8,82,34358.97436
2016,"Anderson, South Carolina",33.1,91,46.5,128,27492.44713
2016,"Lawrence Township, New Jersey",17.6,58,18.8,62,32954.54545
2016,"Bartlett, Tennessee",20.4,120,26.3,155,58823.52941
2016,"Pennsauken Township, New Jersey",20.6,73,22.9,81,35436.8932
2016,"North Huntingdon Township, Pennsylvania",9.1,28,11,34,30769.23077
2016,"Huntersville, North Carolina",15.8,85,16.9,91,53797.46835
2016,"Cathedral City, California",9,49,13.6,74,54444.44444
2016,"Newport News, Virginia",22.6,410,30.1,547,181415.9292
2016,"Springville, Utah",7.6,25,10.7,35,32894.73684
2016,"Colonie Town, New York",13.9,111,18.7,150,79856.11511
2016,"Greenville, Texas",20.2,54,27.4,73,26732.67327
2016,"Elgin, Illinois",16.1,182,21.8,246,113043.4783
2016,"Madison, Wisconsin",18.9,476,23,580,251851.8519
2016,"Southampton Town, New York",18.4,94,24.6,126,51086.95652
2016,"Collierville, Tennessee",20,99,27.7,137,49500
2016,"Roseville, Minnesota",13.4,48,15.6,56,35820.89552
2016,"Galt, California",12.9,33,19.1,49,25581.39535
2016,"Freehold Township, New Jersey",18.2,65,19.3,69,35714.28571
2016,"Normal, Illinois",14.8,81,17,93,54729.72973
2016,"South Kingstown, Rhode Island",16.8,52,22.7,70,30952.38095
2016,"Salem, Massachusetts",23.3,100,24.7,106,42918.45494
2016,"Hanover Park, Illinois",14.6,56,21.1,81,38356.16438
2016,"Las Cruces, New Mexico",17.8,182,25,256,102247.191
2016,"Port Arthur, Texas",20.2,112,26.7,148,55445.54455
2016,"Everett, Washington",17.2,187,20.7,226,108720.9302
2016,"Lakewood, Colorado",17,263,27,417,154705.8824
2016,"Wilmington, North Carolina",22.1,260,28.1,331,117647.0588
2016,"Trumbull, Connecticut",20.4,75,23.4,86,36764.70588
2016,"Cleburne, Texas",17.3,52,23.3,70,30057.80347
2016,"Riverside, California",10.7,350,15.4,503,327102.8037
2016,"El Mirage, Arizona",11.6,40,15.7,54,34482.75862
2016,"Cookeville, Tennessee",21.7,70,27.9,90,32258.06452
2016,"Midland, Michigan",10.9,46,11.4,48,42201.83486
2016,"West Bend, Wisconsin",16.7,53,22,70,31736.52695
2016,"Union Township, New Jersey",22.9,133,31.3,182,58078.60262
2016,"Warren, Michigan",14.5,196,17.3,235,135172.4138
2016,"Pflugerville, Texas",13.9,82,18.5,109,58992.80576
2016,"Maple Grove, Minnesota",9.5,66,11.3,79,69473.68421
2016,"Murfreesboro, Tennessee",16.8,218,20.6,267,129761.9048
2016,"Freeport Village, New York",22.6,98,26.5,115,43362.83186
2016,"Wenatchee, Washington",11.2,38,13.9,47,33928.57143
2016,"York, Pennsylvania",23.9,105,27.3,120,43933.05439
2016,"Framingham, Massachusetts",20.2,144,22.1,158,71287.12871
2016,"Scranton, Pennsylvania",19.4,150,22,170,77319.58763
2016,"Madison Heights, Michigan",15.2,46,19.1,58,30263.15789
2016,"Tacoma, Washington",16,336,17.7,371,210000
2016,"Plano, Texas",12.1,350,17.8,512,289256.1983
2016,"La Habra, California",11,69,15.8,99,62727.27273
2016,"Issaquah, Washington",8.8,33,16.4,61,37500
2016,"Millville, New Jersey",26.3,74,30.2,85,28136.88213
2016,"Tempe, Arizona",19.9,355,27.6,493,178391.9598
2016,"Northport, Alabama",23.6,59,30.7,77,25000
2016,"Valparaiso, Indiana",15.2,50,16.8,55,32894.73684
2016,"San Bernardino, California",9.9,215,16.6,360,217171.7172
2016,"Sacramento, California",13.2,652,19.3,954,493939.3939
2016,"Huntington Park, California",8.5,51,14.4,86,60000
2016,"Enid, Oklahoma",18.8,98,23.4,122,52127.65957
2016,"Vallejo, California",9,110,12.3,150,122222.2222
2016,"Richmond, California",16,177,21.8,242,110625
2016,"Kenosha, Wisconsin",19.9,199,20.8,208,100000
2016,"Murray, Utah",15.1,75,18.1,90,49668.87417
2016,"Santa Cruz, California",14.3,93,17.7,115,65034.96503
2016,"New Bedford, Massachusetts",27,255,31.4,297,94444.44444
2016,"Egg Harbor Township, New Jersey",19.3,85,25,110,44041.45078
2016,"Dalton, Georgia",24.4,83,28.2,96,34016.39344
2016,"Oak Ridge, Tennessee",18.8,55,24.2,71,29255.31915
2016,"Placentia, California",8.5,45,12.9,68,52941.17647
2016,"Wilson, North Carolina",21.9,109,24.9,124,49771.6895
2016,"West Sacramento, California",12.9,69,16.6,89,53488.37209
2016,"Wilmington, Delaware",41.8,302,49.9,360,72248.80383
2016,"Salem, New Hampshire",21.8,63,26.6,77,28899.08257
2016,"Charlotte-Mecklenburg, North Carolina",19.4,"1,743",25.7,"2,302",898453.6082
2016,"Mahwah Township, New Jersey",19.6,52,22.6,60,26530.61224
2016,"Pekin, Illinois",16.3,54,19.4,64,33128.83436
2016,"Shakopee, Minnesota",11.6,47,13.8,56,40517.24138
2016,"Janesville, Wisconsin",15.1,97,16.8,108,64238.4106
2016,"Palm Beach Gardens, Florida",20.1,108,29.5,159,53731.34328
2016,"Manteca, California",7.7,59,11.2,86,76623.37662
2016,"Carlsbad, New Mexico",21,62,30.1,89,29523.80952
2016,"Casper, Wyoming",15.2,93,21,129,61184.21053
2016,"Fair Lawn, New Jersey",17.5,59,21.4,72,33714.28571
2016,"Burnsville, Minnesota",12,74,13.5,83,61666.66667
2016,"Riviera Beach, Florida",31.2,107,43.7,150,34294.87179
2016,"Edwardsville, Illinois",16.7,42,22.3,56,25149.7006
2016,"Santa Maria, California",10.5,111,15.6,166,105714.2857
2016,"Gilbert, Arizona",8.9,227,13.3,341,255056.1798
2016,"Ceres, California",9.5,46,12.8,62,48421.05263
2016,"Claremont, California",10.1,37,16.7,61,36633.66337
2016,"Hartford, Connecticut",32.2,398,34.8,430,123602.4845
2016,"Whitehall Township, Pennsylvania",16.4,45,18.2,50,27439.02439
2016,"Petersburg, Virginia",28.8,93,37.2,120,32291.66667
2016,"Gallatin, Tennessee",20.2,71,26.2,92,35148.51485
2016,"Redding, California",10.7,98,14.3,131,91588.78505
2016,"Saratoga Springs, Utah",11.4,31,15.1,41,27192.98246
2016,"San Juan, Texas",12.7,47,15.6,58,37007.87402
2016,"Portage, Michigan",11.1,54,15.2,74,48648.64865
2016,"Hollister, California",7.1,27,8.7,33,38028.16901
2016,"Van Buren Township, Michigan",14.2,40,19.6,55,28169.01408
2016,"Weymouth, Massachusetts",16.4,92,19.2,108,56097.56098
2016,"Lauderhill, Florida",13.5,98,17,123,72592.59259
2016,"Duluth, Georgia",26.2,78,31.3,93,29770.99237
2016,"Baldwin Park, California",8.4,65,12.7,98,77380.95238
2016,"Florence, Arizona",9.3,29,11.9,37,31182.7957
2016,"Glastonbury, Connecticut",16.4,57,21.6,75,34756.09756
2016,"Ardmore, Oklahoma",20.1,51,27.7,70,25373.13433
2016,"Gastonia, North Carolina",22.6,170,25.6,192,75221.23894
2016,"Upland, California",9,69,12.5,96,76666.66667
2016,"Franklin, Massachusetts",13.8,46,16.2,54,33333.33333
2016,"Voorhees Township, New Jersey",16.8,49,19.8,58,29166.66667
2016,"Kansas City, Kansas",22.4,339,28,425,151339.2857
2016,"Providence, Rhode Island",23.6,423,28.5,511,179237.2881
2016,"Lone Peak, Utah",7.3,21,8.3,24,28767.12329
2016,"Peabody, Massachusetts",17.5,92,21.1,111,52571.42857
2016,"Council Bluffs, Iowa",17.4,109,20.6,129,62643.67816
2016,"Baltimore, Maryland",40.6,"2,512",47,"2,908",618719.2118
2016,"Altoona, Pennsylvania",13.5,61,15.3,69,45185.18519
2016,"Harrisburg, Pennsylvania",27.1,133,31.6,155,49077.49077
2016,"Yonkers, New York",30.3,613,34.4,696,202310.231
2016,"Bensalem Township, Pennsylvania",16.4,99,20.2,122,60365.85366
2016,"Duluth, Minnesota",17.3,149,21.3,183,86127.16763
2016,"Mesa, Arizona",16.8,804,25.5,"1,221",478571.4286
2016,"Cottage Grove, Minnesota",11.3,41,13.3,48,36283.18584
2016,"Wausau, Wisconsin",18.4,72,20.7,81,39130.43478
2016,"Blue Springs, Missouri",18,98,25.9,141,54444.44444
2016,"Little Elm, Texas",11.3,47,12.3,51,41592.92035
2016,"Lawton, Oklahoma",17.3,167,24.4,235,96531.79191
2016,"Rochester, New York",35.6,747,41.2,864,209831.4607
2016,"Manchester Township, New Jersey",15.6,68,19.8,86,43589.74359
2016,"Titusville, Florida",18.8,86,26.9,123,45744.68085
2016,"Loveland, Colorado",13.4,103,19.4,149,76865.67164
2016,"Palm Bay, Florida",14.2,155,19.5,212,109154.9296
2016,"Conroe, Texas",16.6,118,22.8,162,71084.33735
2016,"Beverly Hills, California",33.4,117,52.5,184,35029.94012
2016,"Bolingbrook, Illinois",14.6,109,16.7,124,74657.53425
2016,"Burien, Washington",10.2,52,14.5,74,50980.39216
2016,"Lafayette, Louisiana",19.9,257,24.4,315,129145.7286
2016,"Waltham, Massachusetts",22.5,143,26.7,170,63555.55556
2016,"Benicia, California",11.6,33,17.3,49,28448.27586
2016,"Northern Regional, Pennsylvania",8.3,29,8.9,31,34939.75904
2016,"Haverhill, Massachusetts",14.6,92,16.5,104,63013.69863
2016,"Stroud Area Regional, Pennsylvania",15.2,52,17.2,59,34210.52632
2016,"Crystal Lake, Illinois",14.9,60,17.1,69,40268.45638
2016,"Thomasville, North Carolina",24.3,66,26.6,72,27160.49383
2016,"Schenectady, New York",22.4,146,26.3,171,65178.57143
2016,"West Jordan, Utah",9.9,112,12.9,146,113131.3131
2016,"Rock Hill, South Carolina",20.7,150,26.7,194,72463.76812
2016,"Farmington, New Mexico",31,131,40,169,42258.06452
2016,"Mentor, Ohio",17.3,81,23.5,110,46820.80925
2016,"San Diego, California",12.8,"1,815",17.8,"2,522",1417968.75
2016,"Lima, Ohio",22.3,84,27,102,37668.16143
2016,"Evesham Township, New Jersey",16.7,76,18.6,85,45508.98204
2016,"North Brunswick Township, New Jersey",18.9,81,22.9,98,42857.14286
2016,"Westfield, New Jersey",19.1,58,23.3,71,30366.49215
2016,"Olympia, Washington",13.1,67,18.6,95,51145.03817
2016,"San Marcos, Texas",16,103,22.2,143,64375
2016,"Milpitas, California",10.6,85,13.6,109,80188.67925
2016,"Bayonne, New Jersey",27.3,182,42.6,284,66666.66667
2016,"Gresham, Oregon",10.9,122,13.7,153,111926.6055
2016,"Santa Clara, California",11.2,144,16.8,215,128571.4286
2016,"Lewisville, Texas",14.1,149,20.7,219,105673.7589
2016,"Waukesha, Wisconsin",16.3,118,20.8,150,72392.63804
2016,"Rochester, New Hampshire",18.3,55,22.6,68,30054.64481
2016,"Hawthorne, California",9.9,88,15.2,136,88888.88889
2016,"Post Falls, Idaho",13.9,43,22.6,70,30935.2518
2016,"Greenville, North Carolina",19.4,178,24.2,222,91752.57732
2016,"Mission, Texas",17.5,148,22.9,193,84571.42857
2016,"Sheboygan, Wisconsin",16.8,82,20.7,101,48809.52381
2016,"Flint Township, Michigan",12.5,38,14.1,43,30400
2016,"New York, New York",42.3,"36,228",60,"51,399",8564539.007
2016,"Lacey Township, New Jersey",15.1,43,20,57,28476.82119
2016,"Gladstone, Missouri",15.8,43,21.4,58,27215.18987
2016,"Kent, Ohio",14,42,18.7,56,30000
2016,"Keizer, Oregon",9.4,36,11.3,43,38297.87234
2016,"Mount Pleasant, Michigan",11.1,29,13.4,35,26126.12613
2016,"East Fishkill Town, New York",9.9,29,13,38,29292.92929
2016,"Eugene, Oregon",11.4,188,19.6,323,164912.2807
2016,"San Bruno, California",11.2,49,14.9,65,43750
2016,"Surprise, Arizona",9.7,127,13.9,181,130927.8351
2016,"Philadelphia, Pennsylvania",40.2,"6,313",50.9,"7,995",1570398.01
2016,"Portland, Maine",23.4,157,32.2,216,67094.01709
2016,"Apopka, Florida",18.9,94,25.7,128,49735.44974
2016,"Middletown, Ohio",13.9,68,21.1,103,48920.86331
2016,"Winter Springs, Florida",14.5,51,18.5,65,35172.41379
2016,"Waco, Texas",18,241,25,334,133888.8889
2016,"Appleton, Wisconsin",14.8,110,18.4,137,74324.32432
2016,"New Bern, North Carolina",26.9,81,34.2,103,30111.52416
2016,"Owasso, Oklahoma",15.5,55,20.5,73,35483.87097
2016,"Fresno, California",14.3,748,19.3,"1,013",523076.9231
2016,"Ridgewood, New Jersey",16.8,43,18,46,25595.2381
2016,"Medford, Massachusetts",18,103,18.3,105,57222.22222
2016,"Haverstraw Town, New York",17,64,18.3,69,37647.05882
2016,"Frederick, Maryland",21,148,26.5,186,70476.19048
2016,"Visalia, California",10.3,135,15.2,200,131067.9612
2016,"O'Fallon, Missouri",13.6,117,17.5,151,86029.41176
2016,"Westminster, California",8.5,79,12.4,115,92941.17647
2016,"Auburn, New York",24.6,66,26.4,71,26829.26829
2016,"Clinton Township, Michigan",9.3,93,10.1,102,100000
2016,"Allen, Texas",11.9,120,17.7,179,100840.3361
2016,"Lowell, Massachusetts",21.5,239,30.3,336,111162.7907
2016,"Ridley Township, Pennsylvania",10.3,32,11.9,37,31067.96117
2016,"Norman, Oklahoma",14.4,176,19.4,237,122222.2222
2016,"Brighton, Colorado",16.4,63,22.9,88,38414.63415
2016,"Kissimmee, Florida",17.7,126,30.9,220,71186.44068
2016,"North Bergen Township, New Jersey",19,120,20.6,130,63157.89474
2016,"Fayetteville, Arkansas",14.5,123,19.9,169,84827.58621
2016,"Mansfield, Texas",14.4,95,34.2,225,65972.22222
2016,"Clarkstown Town, New York",19.1,157,22,181,82198.95288
2016,"Naugatuck, Connecticut",18.1,57,21.6,68,31491.71271
2016,"Methuen, Massachusetts",18.6,93,22.2,111,50000
2016,"Poughkeepsie Town, New York",20.4,80,23.2,91,39215.68627
2016,"Mount Lebanon, Pennsylvania",13.8,45,16.5,54,32608.69565
2016,"Midland, Texas",13.1,181,17.3,239,138167.9389
2016,"West Des Moines, Iowa",9.6,63,11.9,78,65625
2016,"Campbell, California",10.1,42,16.2,67,41584.15842
2016,"Brunswick, Ohio",11.5,40,15.2,53,34782.6087
2016,"Yakima, Washington",14.9,140,19.4,183,93959.73154
2016,"Greenwood, Indiana",10.3,58,11.7,66,56310.67961
2016,"Apache Junction, Arizona",14.8,57,22.6,87,38513.51351
2016,"Cedar Falls, Iowa",9.6,40,9.8,41,41666.66667
2016,"Eagle Pass, Texas",21.5,63,26.7,78,29302.32558
2016,"Edina, Minnesota",10.1,51,14.2,72,50495.0495
2016,"Bergenfield, New Jersey",17.7,49,18.8,52,27683.61582
2016,"Lebanon, Pennsylvania",16,41,17.2,44,25625
2016,"Roswell, New Mexico",16.3,79,21.2,103,48466.25767
2016,"Wakefield, Massachusetts",16.6,45,17,46,27108.43373
2016,"Brea, California",14.4,61,22.4,95,42361.11111
2016,"Dallas, Texas",24.8,"3,279",29,"3,829",1322177.419
2016,"Greenburgh Town, New York",24.5,112,30.6,140,45714.28571
2016,"Avondale, Arizona",15,122,22.4,183,81333.33333
2016,"Syracuse, Utah",7.5,21,8.2,23,28000
2016,"Burlington, North Carolina",22.9,121,30.5,161,52838.42795
2016,"Tooele, Utah",11.4,38,14.6,49,33333.33333
2016,"Concord, New Hampshire",18.3,78,20.9,89,42622.95082
2016,"East Windsor Township, New Jersey",15.6,43,17.8,49,27564.10256
2016,"Orchard Park Town, New York",10.4,31,13.1,39,29807.69231
2016,"Hobart, Indiana",22,62,25.2,71,28181.81818
2016,"Kennewick, Washington",11.4,91,13.3,106,79824.5614
2016,"Hamburg Town, New York",13.3,61,16.9,78,45864.66165
2016,"Newnan, Georgia",20.7,79,24.4,93,38164.25121
2016,"Nashville Metropolitan, Tennessee",20.9,"1,398",25.5,"1,708",668899.5215
2016,"Redondo Beach, California",13.4,92,20.9,143,68656.71642
2016,"Monroe, North Carolina",23.4,82,27.2,95,35042.73504
2016,"Fairbanks, Alaska",11.4,37,13.2,43,32456.14035
2016,"Paramus, New Jersey",32.3,87,40.1,108,26934.98452
2016,"Liberty, Missouri",13,40,17.6,54,30769.23077
2016,"Lakewood, Ohio",19.9,100,24.2,122,50251.25628
2016,"Summerville, South Carolina",18.7,94,22.9,115,50267.37968
2016,"Plainfield, New Jersey",24.6,126,29.7,152,51219.5122
2016,"Chaska, Minnesota",9.8,25,11,28,25510.20408
2016,"Southfield, Michigan",16.5,121,20.4,150,73333.33333
2016,"Mount Vernon, New York",27.9,192,37.9,261,68817.2043
2016,"Atwater, California",9.2,27,11.6,34,29347.82609
2016,"Lancaster Town, New York",13.1,49,17.1,64,37404.58015
2016,"Yorktown Town, New York",14.5,54,16.9,63,37241.37931
2016,"Meriden, Connecticut",18.9,113,20.9,125,59788.35979
2016,"Henderson, Nevada",12,350,20.2,588,291666.6667
2016,"Youngstown, Ohio",23.2,149,30.1,193,64224.13793
2016,"Cape Girardeau, Missouri",20.4,81,29.7,118,39705.88235
2016,"Maplewood, Minnesota",12.2,50,13.4,55,40983.60656
2016,"Superior, Wisconsin",21.2,56,23.1,61,26415.09434
2016,"Minneapolis, Minnesota",20.3,847,24.4,"1,018",417241.3793
2016,"Alameda, California",10.2,81,13.8,110,79411.76471
2016,"Des Moines, Washington",10.2,32,13.6,43,31372.54902
2016,"Goldsboro, North Carolina",24.8,89,28.2,101,35887.09677
2016,"Eagan, Minnesota",10.5,70,12.4,83,66666.66667
2016,"Little Rock, Arkansas",26.4,525,32.1,639,198863.6364
2016,"Battle Creek, Michigan",17.9,109,20.5,125,60893.85475
2016,"Charleston, West Virginia",33,163,37.8,187,49393.93939
2016,"Malden, Massachusetts",16.5,101,18.7,114,61212.12121
2016,"Woodburn, Oregon",13.4,34,16.5,42,25373.13433
2016,"Port St. Lucie, Florida",12.6,229,15.8,289,181746.0317
2016,"Portland, Oregon",14.1,908,17.9,"1,150",643971.6312
2016,"Jackson, Mississippi",24,409,37.7,641,170416.6667
2016,"Paradise, California",7.2,19,12.4,33,26388.88889
2016,"Sherwood, Arkansas",21.8,67,31,95,30733.94495
2016,"Merrimack, New Hampshire",15.6,40,20.3,52,25641.02564
2016,"Muskogee, Oklahoma",23.5,90,29,111,38297.87234
2016,"Kettering, Ohio",13.2,73,17.9,99,55303.0303
2016,"Troy, New York",25.3,126,27.9,139,49802.37154
2016,"Leander, Texas",10.6,43,14.8,60,40566.03774
2016,"West Seneca Town, New York",14.9,68,17.7,81,45637.58389
2016,"Memphis, Tennessee",30.1,"1,978",36.3,"2,385",657142.8571
2016,"Kaysville, Utah",8.4,26,9.3,29,30952.38095
2016,"Tulare, California",11.4,72,17.3,109,63157.89474
2016,"East Providence, Rhode Island",19.4,92,23.4,111,47422.68041
2016,"Jersey City, New Jersey",32.5,865,48.1,"1,279",266153.8462
2016,"Garden Grove, California",9,159,12.4,218,176666.6667
2016,"Bixby, Oklahoma",10.6,27,14.1,36,25471.69811
2016,"Copperas Cove, Texas",13.5,45,20.2,67,33333.33333
2016,"St. Charles, Missouri",15.9,110,21.9,152,69182.38994
2016,"Virginia Beach, Virginia",17.2,779,21,951,452906.9767
2016,"Mount Vernon, Washington",12.2,42,15.6,54,34426.22951
2016,"Oak Creek, Wisconsin",15.8,56,22.1,78,35443.03797
2016,"South Windsor, Connecticut",14.7,38,20.2,52,25850.34014
2016,"Groton Town, Connecticut",19.7,59,21.4,64,29949.23858
2016,"Alhambra, California",9.8,84,14.5,125,85714.28571
2016,"Texarkana, Arkansas",26.3,80,34.2,104,30418.25095
2016,"Lynnwood, Washington",18.8,70,27.4,102,37234.04255
2016,"Roseville, Michigan",14.5,69,15.1,72,47586.2069
2016,"Albany, Oregon",11.6,61,16.9,89,52586.2069
2016,"Jacksonville, Arkansas",25.1,72,30,86,28685.25896
2016,"Lancaster, Pennsylvania",20.9,124,24.9,148,59330.14354
2016,"Green Bay, Wisconsin",17.9,189,21.6,228,105586.5922
2016,"Spring Hill, Tennessee",12.8,48,13.8,52,37500
2016,"Coventry, Rhode Island",15.7,55,19.7,69,35031.84713
2016,"Maryland Heights, Missouri",28.5,78,34.7,95,27368.42105
2016,"Buffalo Grove, Illinois",15.2,63,17.8,74,41447.36842
2016,"Lompoc, California",10.1,45,15.3,68,44554.45545
2016,"La Vergne, Tennessee",15,53,18.7,66,35333.33333
2016,"Hayward, California",12,194,19.2,310,161666.6667
2016,"Florence, South Carolina",24,92,31.3,120,38333.33333
2016,"Ridgecrest, California",11,32,17.2,50,29090.90909
2016,"Clovis, New Mexico",13.6,54,19.9,79,39705.88235
2016,"Sugar Land, Texas",16.8,151,19.4,175,89880.95238
2016,"Long Beach, California",16.9,806,24.6,"1,173",476923.0769
2016,"Elk Grove Village, Illinois",26.8,89,31.6,105,33208.95522
2016,"Orem, Utah",8.9,85,12.1,116,95505.61798
2016,"Lewiston, Maine",22.1,80,25.2,91,36199.09502
2016,"Helena, Montana",15.5,48,22.5,70,30967.74194
2016,"Chino, California",12.3,107,18.3,159,86991.86992
2016,"Quincy, Massachusetts",22.5,210,25.5,238,93333.33333
2016,"University City, Missouri",19.4,68,27.4,96,35051.54639
2016,"Reading, Massachusetts",16.3,42,21.3,55,25766.87117
2016,"Toms River Township, New Jersey",17.7,160,20.7,187,90395.48023
2016,"Ewing Township, New Jersey",20.6,75,25.8,94,36407.76699
2016,"Bridgewater Township, New Jersey",16.4,74,18.1,82,45121.95122
2016,"Kennesaw, Georgia",17,58,21.9,75,34117.64706
2016,"Greer, South Carolina",18.7,54,24.9,72,28877.00535
2016,"Salina, Kansas",15.3,73,20.5,98,47712.4183
2016,"Johnson City, Tennessee",22.3,148,26.6,177,66367.713
2016,"Eureka, California",17.4,47,26.3,71,27011.49425
2016,"Manhattan Beach, California",18.4,66,29.2,105,35869.56522
2016,"Guilderland Town, New York",10.2,35,14,48,34313.72549
2016,"Oak Forest, Illinois",14.6,41,18.5,52,28082.19178
2016,"Northern Lancaster County Regional, Pennsylvania",6.9,24,7.5,26,34782.6087
2016,"Revere, Massachusetts",18.3,98,20,107,53551.91257
2016,"Aurora, Colorado",18.3,670,22.1,810,366120.2186
2016,"Clovis, California",9.4,100,15.3,162,106382.9787
2016,"Kalamazoo, Michigan",28.3,216,33.9,259,76325.08834
2016,"Flagstaff, Arizona",14.3,102,21.1,150,71328.67133
2016,"Iowa City, Iowa",10.6,80,13.6,103,75471.69811
2016,"Duncanville, Texas",13.5,54,16.5,66,40000
2016,"Moon Township, Pennsylvania",10.8,28,13.2,34,25925.92593
2016,"Brockton, Massachusetts",19.6,187,21.9,208,95408.16327
2016,"Brick Township, New Jersey",17.9,134,26.2,196,74860.3352
2016,"Lee's Summit, Missouri",14.5,139,20.1,193,95862.06897
2016,"La Verne, California",12.1,40,18.2,60,33057.85124
2016,"Manassas, Virginia",21.8,92,28.2,119,42201.83486
2016,"West Linn, Oregon",10.8,29,12.3,33,26851.85185
2016,"Grandview, Missouri",20.1,51,23.6,60,25373.13433
2016,"Casa Grande, Arizona",14.8,77,18.7,97,52027.02703
2016,"Gulfport, Mississippi",21.1,153,28.5,207,72511.84834
2016,"Princeton, New Jersey",17.5,52,23.6,70,29714.28571
2016,"Westland, Michigan",9.9,81,13.1,107,81818.18182
2016,"Hickory, North Carolina",25.5,103,34.1,138,40392.15686
2016,"Atascadero, California",9.3,28,12.6,38,30107.52688
2016,"San Angelo, Texas",15.9,162,18.9,193,101886.7925
2016,"Cicero, Illinois",17.9,150,21,176,83798.88268
2016,"San Luis, Arizona",10.9,35,16.8,54,32110.09174
2016,"Murrieta, California",8,89,11.5,128,111250
2016,"Waukegan, Illinois",17,150,21.4,189,88235.29412
2016,"Monroe, Louisiana",27.6,137,36.2,180,49637.68116
2016,"North Las Vegas, Nevada",11.2,268,17.4,414,239285.7143
2016,"Cleveland Heights, Ohio",21.3,95,23.3,104,44600.93897
2016,"Springfield, Massachusetts",27.2,419,33.9,523,154044.1176
2016,"Bismarck, North Dakota",15.7,115,19.8,145,73248.40764
2016,"Kearney, Nebraska",16.7,56,20.6,69,33532.93413
2016,"Glen Cove, New York",18.2,50,19.7,54,27472.52747
2016,"Natick, Massachusetts",15.2,56,18.8,69,36842.10526
2016,"Dothan, Alabama",23.3,161,33.7,233,69098.71245
2016,"Los Angeles, California",24.6,"9,850",31.7,"12,692",4004065.041
2016,"Myrtle Beach, South Carolina",68.7,219,94.2,300,31877.72926
2016,"Winter Park, Florida",26.4,80,36.2,110,30303.0303
2016,"Garden City, Michigan",10.5,28,11.2,30,26666.66667
2016,"Sierra Vista, Arizona",16.3,70,21.9,94,42944.78528
2016,"Newark, Delaware",20.7,71,25.7,88,34299.51691
2016,"Baytown, Texas",21.1,163,30.4,235,77251.18483
2016,"Lakewood Township, New Jersey",12.1,121,15.3,153,100000
2016,"Newport Beach, California",16,140,26.1,228,87500
2016,"Sanger, California",13.2,33,14.8,37,25000
2016,"Tonawanda Town, New York",17.9,103,26.2,151,57541.89944
2016,"Lower Paxton Township, Pennsylvania",12.1,59,13.6,66,48760.33058
2016,"Rockford, Illinois",19.5,288,21.9,323,147692.3077
2016,"Vestal Town, New York",12,34,13.1,37,28333.33333
2016,"Kirkwood, Missouri",21.9,61,27,75,27853.88128
2016,"Jeffersonville, Indiana",17.3,82,18.4,87,47398.84393
2016,"Bridgeport, Connecticut",25.4,376,29.2,433,148031.4961
2016,"Clearfield, Utah",10.1,31,13.6,42,30693.06931
2016,"Pittsburgh, Pennsylvania",30,908,32.3,976,302666.6667
2016,"Parker, Colorado",14.3,72,22.4,113,50349.65035
2016,"Fairborn, Ohio",13.4,45,17.6,59,33582.08955
2016,"East Palo Alto, California",11,33,13.4,40,30000
2016,"Irvine, California",8,213,11.3,301,266250
2016,"Franklin Township, New Jersey",15.6,104,18.6,124,66666.66667
2016,"North Ridgeville, Ohio",11.5,38,14.2,47,33043.47826
2016,"Baton Rouge, Louisiana",28.1,641,35.6,814,228113.879
2016,"Topeka, Kansas",22.2,282,26.3,334,127027.027
2016,"Cedar Hill, Texas",13,64,17.7,87,49230.76923
2016,"Shaker Heights, Ohio",21.8,60,29.8,82,27522.93578
2016,"Banning, California",8.7,27,13.8,43,31034.48276
2016,"Dickinson, North Dakota",14.3,36,21.9,55,25174.82517
2016,"Hoover, Alabama",19.3,165,26.5,227,85492.22798
2016,"Bristol, Connecticut",19.5,118,23.7,143,60512.82051
2016,"Manalapan Township, New Jersey",13.4,54,14.1,57,40298.50746
2016,"Sanford, North Carolina",27.9,82,35.8,105,29390.681
2016,"Oro Valley, Arizona",22.7,100,29,128,44052.86344
2016,"Utica, New York",26.8,163,29.6,180,60820.89552
2016,"Brooklyn Park, Minnesota",12.9,103,16.7,133,79844.96124
2016,"Vineland, New Jersey",21.7,132,25.8,157,60829.49309
2016,"Winslow Township, New Jersey",18.6,72,20.4,79,38709.67742
2016,"Winter Garden, Florida",17.1,71,24.1,100,41520.46784
2016,"Lakewood, Washington",16,96,18.6,112,60000
2016,"Layton, Utah",9.9,75,14.2,107,75757.57576
2016,"Reynoldsburg, Ohio",14.2,53,19,71,37323.94366
2016,"Oak Lawn, Illinois",19,108,21.8,124,56842.10526
2016,"Alamogordo, New Mexico",18.2,56,24.7,76,30769.23077
2016,"Arcadia, California",11.2,66,15.5,91,58928.57143
2016,"Horsham Township, Pennsylvania",15,40,17.6,47,26666.66667
2016,"Spartanburg, South Carolina",30.2,115,36.2,138,38079.4702
2016,"Bothell, Washington",13.2,58,19.2,84,43939.39394
2016,"Ontario, California",14.7,254,19.6,339,172789.1156
2016,"Plantation, Florida",17.5,165,26.8,252,94285.71429
2016,"Moorhead, Minnesota",13.2,56,16.9,72,42424.24242
2016,"Statesville, North Carolina",27.1,72,34.6,92,26568.26568
2016,"Laurel, Maryland",24.2,64,32.2,85,26446.28099
2016,"Fridley, Minnesota",14.7,41,16.2,45,27891.15646
2016,"Petaluma, California",9.5,58,13.5,82,61052.63158
2016,"Binghamton, New York",28.6,131,31.7,145,45804.1958
2016,"Vernon Hills, Illinois",15.8,42,26.7,71,26582.27848
2016,"Ventura, California",11.3,125,15,165,110619.469
2016,"Frankfort, Kentucky",20.1,56,21.1,59,27860.69652
2016,"Pleasant Hill, California",11.7,41,16.2,57,35042.73504
2016,"Hutchinson, Kansas",17.4,72,26.3,109,41379.31034
2016,"Gardena, California",15.6,95,19.6,119,60897.4359
2016,"Menomonee Falls, Wisconsin",15.7,57,20.2,73,36305.73248
2016,"Passaic, New Jersey",21.7,154,25.4,180,70967.74194
2016,"Billerica, Massachusetts",15.1,65,18.2,78,43046.35762
2016,"Parsippany-Troy Hills Township, New Jersey",19.3,103,23.2,124,53367.87565
2016,"Grants Pass, Oregon",14.2,53,22.8,85,37323.94366
2016,"Marysville, Washington",9.4,64,12.9,88,68085.10638
2016,"Clarksville, Tennessee",18.5,282,22.8,348,152432.4324
2016,"Roy, Utah",10,38,11.5,44,38000
2016,"Hanford, California",9.5,53,13.8,77,55789.47368
2016,"Brownsville, Texas",13.1,244,19.1,354,186259.542
2016,"Rotterdam Town, New York",13.6,40,14.6,43,29411.76471
2016,"Killeen, Texas",17.6,252,24.6,353,143181.8182
2016,"New Brunswick, New Jersey",25.2,144,31.3,179,57142.85714
2016,"Stoughton, Massachusetts",18.2,52,20.6,59,28571.42857
2016,"Los Gatos, California",12,37,17.4,54,30833.33333
2016,"Urbandale, Iowa",11.3,51,13.1,59,45132.74336
2016,"Bloomfield Township, Michigan",12.8,54,17.5,74,42187.5
2016,"Mountain View, California",10.5,86,15.8,129,81904.7619
2016,"Leominster, Massachusetts",16.1,67,20,83,41614.90683
2016,"Pittsfield, Massachusetts",22.3,96,26.5,114,43049.32735
2016,"Altamonte Springs, Florida",22.5,98,26.2,114,43555.55556
2016,"Westfield, Massachusetts",19.4,81,21.1,88,41752.57732
2016,"National City, California",14,86,19.5,120,61428.57143
2016,"Colton, California",8.3,46,13.1,72,55421.68675
2016,"West Hartford, Connecticut",20.3,128,23.2,146,63054.18719
2016,"Desert Hot Springs, California",8.4,24,10.5,30,28571.42857
2016,"Pawtucket, Rhode Island",19.3,138,23.7,170,71502.59067
2016,"Pine Bluff, Arkansas",32.5,143,39.3,173,44000
2016,"Englewood, New Jersey",29.3,84,38.4,110,28668.94198
2016,"Brookhaven, Georgia",14.7,77,16.2,85,52380.95238
2016,"Tallahassee, Florida",19.4,372,22.8,437,191752.5773
2016,"Sayreville, New Jersey",18.6,84,21.3,96,45161.29032
2016,"Wyandotte, Michigan",12.8,32,18.4,46,25000
2016,"Biloxi, Mississippi",27.6,127,38.5,177,46014.49275
2016,"Mason City, Iowa",16.9,46,18.7,51,27218.93491
2016,"Pueblo, Colorado",17.7,195,22.7,250,110169.4915
2016,"Bellevue, Nebraska",16.3,92,19.2,108,56441.71779
2016,"Champaign, Illinois",13.7,119,16.2,141,86861.31387
2016,"Oxnard, California",10.9,227,16.1,337,208256.8807
2016,"Granite City, Illinois",19.4,56,23.9,69,28865.97938
2016,"Grove City, Ohio",15.2,61,19.4,78,40131.57895
2016,"Los Altos, California",8.7,27,13.5,42,31034.48276
2016,"Syracuse, New York",28.8,415,33.6,484,144097.2222
2016,"Kentwood, Michigan",13.1,68,15.6,81,51908.39695
2016,"Burlington, Iowa",16.9,43,18.5,47,25443.78698
2016,"San Pablo, California",15,46,21.8,67,30666.66667
2016,"Hillsborough Township, New Jersey",13,52,16.2,65,40000
2016,"Genoa Township, Ohio",9.1,24,9.8,26,26373.62637
2016,"Fuquay-Varina, North Carolina",15.1,38,17.4,44,25165.56291
2016,"Richmond, Kentucky",13.8,47,18,61,34057.97101
2016,"Farmington, Connecticut",17.5,45,23.8,61,25714.28571
2016,"Knoxville, Tennessee",20.2,377,24.9,465,186633.6634
2016,"Erie, Pennsylvania",17.1,169,19.3,191,98830.40936
2016,"Quincy, Illinois",17.2,70,20.3,83,40697.67442
2016,"Plymouth, Massachusetts",20.1,119,22.7,134,59203.9801
2016,"El Cerrito, California",15.9,40,18.6,47,25157.2327
2016,"North Port, Florida",15.5,98,20,127,63225.80645
2016,"North Attleboro, Massachusetts",15.2,44,20,58,28947.36842
2016,"McCandless, Pennsylvania",9.7,28,10.4,30,28865.97938
2016,"Albany, Georgia",21.8,162,25,186,74311.92661
2016,"Greenville, South Carolina",27.7,182,35,230,65703.97112
2016,"Dearborn Heights, Michigan",14.9,83,17,95,55704.69799
2016,"Davis, California",8.8,60,13.4,91,68181.81818
2016,"Union Township, Clermont County, Ohio",10,48,12.9,62,48000
2016,"Jacksonville, North Carolina",17.2,115,21.4,143,66860.46512
2016,"Des Moines, Iowa",16.2,343,21.1,446,211728.3951
2016,"Indio, California",7.1,63,11.1,99,88732.39437
2016,"Windsor, Connecticut",18.6,54,23.1,67,29032.25806
2016,"Norwalk, Connecticut",19.9,177,24.4,217,88944.72362
2016,"Saratoga Springs, New York",26.1,73,30.7,86,27969.34866
2016,"University Park, Texas",15.5,39,21.1,53,25161.29032
2016,"Monroeville, Pennsylvania",15.6,44,18.8,53,28205.12821
2016,"Lincoln, California",4.2,20,5.7,27,47619.04762
2016,"Goose Creek, South Carolina",15.2,63,21.7,90,41447.36842
2016,"Clinton, Iowa",15.4,40,17.8,46,25974.02597
2016,"Ramsey, Minnesota",9.1,24,10.3,27,26373.62637
2016,"Miramar, Florida",14.5,203,19.4,272,140000
2016,"Hendersonville, Tennessee",18.4,105,23.2,132,57065.21739
2016,"Bay City, Michigan",14.5,49,15.7,53,33793.10345
2016,"Monterey, California",15.1,43,21.4,61,28476.82119
2016,"Cibolo, Texas",11.4,32,13.2,37,28070.17544
2016,"Lancaster, Texas",12.2,48,14.5,57,39344.2623
2016,"Dubuque, Iowa",17.1,101,18.3,108,59064.32749
2016,"Coppell, Texas",14.9,62,16.6,69,41610.73826
2016,"Santa Ana, California",9.2,310,15.5,523,336956.5217
2016,"New Haven, Connecticut",34.8,454,39,509,130459.7701
2016,"Juneau, Alaska",15.2,50,24.9,82,32894.73684
2016,"Edison Township, New Jersey",17.2,177,22,226,102906.9767
2016,"Greeley, Colorado",14.1,145,19.1,196,102836.8794
2016,"Sandusky, Ohio",18.7,47,19.5,49,25133.68984
2016,"Rome, Georgia",24.5,89,26.7,97,36326.53061
2016,"Lower Providence Township, Pennsylvania",11.8,31,12.5,33,26271.18644
2016,"Mishawaka, Indiana",22.2,107,25.1,121,48198.1982
2016,"Bend, Oregon",9.7,87,12.9,115,89690.72165
2016,"Redmond, Oregon",12.3,36,15.4,45,29268.29268
2016,"Oakland, California",17.6,750,24.6,"1,046",426136.3636
2016,"Bloomfield, New Jersey",25.1,121,30.3,146,48207.17131
2016,"Beverly, Massachusetts",16.5,68,17.4,72,41212.12121
2016,"Merced, California",10.7,89,15,125,83177.57009
2016,"Delray Beach, Florida",23,155,31.6,213,67391.30435
2016,"Carrollton, Georgia",23.7,63,28.6,76,26582.27848
2016,"Pocono Mountain Regional, Pennsylvania",9.7,41,10.9,46,42268.04124
2016,"Addison, Illinois",17.7,66,31.9,119,37288.13559
2016,"North Little Rock, Arkansas",26.4,178,31.9,215,67424.24242
2016,"Corvallis, Oregon",10,56,16.1,90,56000
2016,"Bremerton, Washington",13.8,55,16.8,67,39855.07246
2016,"Bryan, Texas",16.9,141,21.4,178,83431.95266
2016,"Fort Worth, Texas",18.4,"1,566",23.6,"2,007",851086.9565
2016,"Vernon, Connecticut",16.9,49,22.1,64,28994.08284
2016,"Chattanooga, Tennessee",24.4,434,29.4,523,177868.8525
2016,"Tulsa, Oklahoma",18.4,747,22.5,912,405978.2609
2016,"Plymouth, Minnesota",9.4,72,11.4,88,76595.74468
2016,"Newburgh Town, New York",14.9,46,18.1,56,30872.48322
2016,"West Chester Township, Ohio",13.6,83,17.4,106,61029.41176
2016,"Mount Laurel Township, New Jersey",14.6,61,16.5,69,41780.82192
2016,"Willingboro Township, New Jersey",20.8,65,24,75,31250
2016,"Jackson, Tennessee",31.6,212,38.2,256,67088.60759
2016,"Temple, Texas",19.6,144,24.2,178,73469.38776
2016,"Beavercreek, Ohio",10.1,47,13.1,61,46534.65347
2016,"Waterbury, Connecticut",25.1,272,29.1,316,108366.5339
2016,"Brawley, California",13.8,36,19.2,50,26086.95652
2016,"Manchester, New Hampshire",20.9,231,26.1,288,110526.3158
2016,"Scottsdale, Arizona",16.6,401,26.3,633,241566.2651
2016,"North Andover, Massachusetts",13.4,40,17.1,51,29850.74627
2016,"Lower Merion Township, Pennsylvania",22.5,131,25.1,146,58222.22222
2016,"Azusa, California",11.3,57,18.7,94,50442.47788
2016,"Warner Robins, Georgia",14,104,19.6,146,74285.71429
2016,"Carol Stream, Illinois",14.8,60,20.3,82,40540.54054
2016,"Milford, Connecticut",21.6,116,25.7,138,53703.7037
2016,"West Valley, Utah",13.9,191,16.8,231,137410.0719
2016,"Chula Vista, California",8.3,225,11.3,305,271084.3373
2016,"Texas City, Texas",12.7,61,17,82,48031.49606
2016,"Richfield, Minnesota",11.5,42,13.7,50,36521.73913
2016,"Redford Township, Michigan",11.9,56,13.8,65,47058.82353
2016,"Miami Township, Montgomery County, Ohio",13,38,15.4,45,29230.76923
2016,"Clearwater, Florida",20.3,231,30.9,352,113793.1034
2016,"Mount Pleasant, South Carolina",17.3,146,19.8,167,84393.06358
2016,"Ballwin, Missouri",15.7,48,19.3,59,30573.24841
2016,"Port Orange, Florida",14,85,16.4,99,60714.28571
2016,"Big Spring, Texas",11.6,34,17.5,51,29310.34483
2016,"South San Francisco, California",11.8,80,16.2,110,67796.61017
2016,"Newburgh, New York",30.5,86,35.1,99,28196.72131
2016,"Winona, Minnesota",14.1,38,15.6,42,26950.35461
2016,"Colorado Springs, Colorado",13.9,645,19.9,924,464028.777
2016,"Huntsville, Alabama",26,500,31.5,606,192307.6923
2016,"Lemoore, California",12,31,14.7,38,25833.33333
2016,"West Allis, Wisconsin",20.8,126,25.3,153,60576.92308
2016,"Roseville, California",9.4,125,13.8,183,132978.7234
2016,"St. George, Utah",13.1,107,19,155,81679.38931
2016,"North Tonawanda, New York",15.3,47,16.6,51,30718.95425
2016,"Oakdale, Minnesota",11.3,32,13.5,38,28318.58407
2016,"Galveston, Texas",28.2,143,35.3,179,50709.21986
2016,"Alexandria, Louisiana",32.8,157,39.6,190,47865.85366
2016,"Ithaca, New York",21.3,66,23.9,74,30985.91549
2016,"Parkersburg, West Virginia",22,68,24.6,76,30909.09091
2016,"South Jordan, Utah",7.1,50,8.3,58,70422.53521
2016,"Lancaster, Ohio",16.8,67,21,84,39880.95238
2016,"Meridian Township, Michigan",9.1,39,10.3,44,42857.14286
2016,"Needham, Massachusetts",15,46,17.9,55,30666.66667
2016,"Tredyffrin Township, Pennsylvania",14.2,42,15.9,47,29577.46479
2016,"Sandy Springs, Georgia",11.8,127,13.4,144,107627.1186
2016,"Austin, Texas",18.9,"1,807",24.7,"2,361",956084.6561
2016,"Fargo, North Dakota",13.2,160,15.1,183,121212.1212
2016,"Gurnee, Illinois",19.3,60,29,90,31088.0829
2016,"Lansing, Michigan",16.3,188,18.5,213,115337.4233
2016,"Hagerstown, Maryland",24.9,101,28.1,114,40562.249
2016,"Lenexa, Kansas",16.5,88,24,128,53333.33333
2016,"Palm Springs, California",18.4,88,26.5,127,47826.08696
2016,"Sunnyvale, California",13.6,209,18,278,153676.4706
2016,"Fremont, California",7.6,180,12,282,236842.1053
2016,"Londonderry, New Hampshire",22,56,27.5,70,25454.54545
2016,"Sunrise, Florida",18.5,175,24.5,231,94594.59459
2016,"Williston, North Dakota",16.7,50,23.1,69,29940.11976
2016,"LaGrange, Georgia",27.2,84,32.3,100,30882.35294
2016,"San Francisco, California",26.4,"2,296",33.2,"2,892",869696.9697
2016,"East Orange, New Jersey",31.6,205,40.4,262,64873.41772
2016,"Hot Springs, Arkansas",28.6,102,36.4,130,35664.33566
2016,"Jackson, Michigan",13.9,46,17.5,58,33093.52518
2016,"Germantown, Tennessee",25.4,100,31.3,123,39370.07874
2016,"Cleveland, Ohio",37.4,"1,444",43.4,"1,678",386096.2567
2016,"Palo Alto, California",11.7,79,20.4,137,67521.36752
2016,"Cornelius, North Carolina",21.6,62,26.8,77,28703.7037
2016,"Sherman, Texas",14.8,61,20.2,83,41216.21622
2016,"Wheeling, West Virginia",24.7,68,28,77,27530.36437
2016,"Chelsea, Massachusetts",27.4,110,29.7,119,40145.9854
2016,"Rialto, California",10.1,105,13.7,142,103960.396
2016,"Brownstown Township, Michigan",10.4,32,12.6,39,30769.23077
2016,"Raytown, Missouri",18,53,24.5,72,29444.44444
2016,"Horn Lake, Mississippi",18.5,50,24.7,67,27027.02703
2016,"Fort Collins, Colorado",12.5,206,17.7,292,164800
2016,"Pleasanton, California",9.5,77,13.5,110,81052.63158
2016,"Jupiter, Florida",17.7,114,22.1,142,64406.77966
2016,"Wylie, Texas",12.8,61,13.8,66,47656.25
2016,"Longview, Washington",15.7,58,18.7,69,36942.67516
2016,"Harlingen, Texas",19.7,130,25.8,170,65989.84772
2016,"Covington, Kentucky",26.3,108,28.2,116,41064.63878
2016,"Huntsville, Texas",14,58,15.7,65,41428.57143
2016,"League City, Texas",11.2,114,15.4,156,101785.7143
2016,"Enterprise, Alabama",18.4,52,24.8,70,28260.86957
2016,"Holly Springs, North Carolina",14.9,49,18.3,60,32885.90604
2016,"Woburn, Massachusetts",18.9,75,20.2,80,39682.53968
2016,"Calexico, California",5.7,23,8.7,35,40350.87719
2016,"Tigard, Oregon",14.1,73,17,88,51773.04965
2016,"Strongsville, Ohio",15.9,71,19,85,44654.08805
2016,"Cranberry Township, Pennsylvania",8.7,27,10,31,31034.48276
2016,"Anchorage, Alaska",11.9,356,16.6,497,299159.6639
2016,"Costa Mesa, California",9.8,112,15.1,172,114285.7143
2016,"McKinney, Texas",11.1,189,13.8,234,170270.2703
2016,"Northglenn, Colorado",15,60,19.8,79,40000
2016,"Wentzville, Missouri",17.1,63,22.7,84,36842.10526
2016,"Albany, New York",34.1,336,43.9,433,98533.72434
2016,"Pittsfield Township, Michigan",10.3,40,14.7,57,38834.95146
2016,"Escondido, California",10.2,156,13.8,211,152941.1765
2016,"Manitowoc, Wisconsin",19.2,63,22.2,73,32812.5
2016,"Broomfield, Colorado",16.1,108,31.2,209,67080.74534
2016,"St. Petersburg, Florida",21.1,548,29.2,759,259715.6398
2016,"Wall Township, New Jersey",25.4,66,35,91,25984.25197
2016,"Stafford Township, New Jersey",18.9,51,26.3,71,26984.12698
2016,"Daly City, California",9.3,100,12.4,133,107526.8817
2016,"Chelmsford, Massachusetts",14.8,52,18.2,64,35135.13514
2016,"Rocklin, California",8.9,55,12.7,79,61797.75281
2016,"Asheboro, North Carolina",27.1,71,30.1,79,26199.26199
2016,"Fayetteville, North Carolina",21.9,442,29.7,601,201826.484
2016,"Mundelein, Illinois",16.1,51,22.1,70,31677.01863
2016,"Blacksburg, Virginia",13.7,61,15.9,71,44525.54745
2016,"Apex, North Carolina",15.6,74,19.2,91,47435.89744
2016,"St. Cloud, Minnesota",15.6,105,19.6,132,67307.69231
2016,"Seguin, Texas",19.8,56,27.5,78,28282.82828
2016,"Kansas City, Missouri",28.3,"1,356",39.2,"1,875",479151.9435
2016,"Rapid City, South Dakota",15.3,114,19.2,143,74509.80392
2016,"Concord, California",11.5,150,15.5,201,130434.7826
2016,"North Lauderdale, Florida",11.5,51,13.1,58,44347.82609
2016,"Saginaw, Michigan",10.8,53,12.5,61,49074.07407
2016,"Coral Gables, Florida",30.8,160,44.1,229,51948.05195
2016,"Moscow, Idaho",13.8,35,17,43,25362.31884
2016,"Seaside, California",10.6,37,13.2,46,34905.66038
2016,"Tuscaloosa, Alabama",27.4,274,35.2,352,100000
2016,"Northampton Township, Pennsylvania",10.4,41,11.9,47,39423.07692
2016,"Madison, Mississippi",25.7,67,32.9,86,26070.03891
2016,"Burlington, Vermont",22.6,96,31.6,134,42477.87611
2016,"Centennial, Colorado",12.3,137,15.3,171,111382.1138
2016,"San Jose, California",9,939,13,"1,352",1043333.333
2016,"Watertown, Massachusetts",19.3,67,20.5,71,34715.02591
2016,"Garden City, Kansas",22.9,62,33.7,91,27074.23581
2016,"Miami, Florida",26.7,"1,201",34.7,"1,559",449812.7341
2016,"West Palm Beach, Florida",25.7,278,33.8,365,108171.2062
2016,"San Ramon, California",8.5,65,10.5,81,76470.58824
2016,"Cleveland, Tennessee",19.1,85,23.2,103,44502.6178
2016,"Derry Township, Dauphin County, Pennsylvania",15.6,39,23.2,58,25000
2016,"Linden, New Jersey",30.2,127,36.3,153,42052.98013
2016,"Woodbridge Township, New Jersey",19,194,24.7,252,102105.2632
2016,"Dearborn, Michigan",20,189,26,246,94500
2016,"Wilkes-Barre, Pennsylvania",19.9,81,22.6,92,40703.51759
2016,"Lynchburg, Virginia",21.4,172,24.7,198,80373.83178
2016,"Salt Lake City, Utah",22.4,435,27.9,542,194196.4286
2016,"El Cajon, California",11.6,121,17.1,179,104310.3448
2016,"Edinburg, Texas",16.3,141,22.5,195,86503.06748
2016,"New Windsor Town, New York",14.2,38,17.9,48,26760.56338
2016,"Branford, Connecticut",17.4,49,22,62,28160.91954
2016,"Trenton, New Jersey",29.4,246,45.6,381,83673.46939
2016,"Euclid, Ohio",19.4,92,20.7,98,47422.68041
2016,"East Brunswick Township, New Jersey",17.1,84,22.4,110,49122.80702
2016,"Elk Grove, California",7.5,128,12.4,211,170666.6667
2016,"Jamestown, New York",19.7,59,22.8,68,29949.23858
2016,"Cary, North Carolina",11.2,185,13.5,223,165178.5714
2016,"Georgetown, Texas",11.9,80,17.3,117,67226.89076
2016,"Peachtree City, Georgia",17.8,63,19.2,68,35393.25843
2016,"Las Vegas Metropolitan Police, Nevada",20.9,"3,326",30.5,"4,855",1591387.56
2016,"Ames, Iowa",7.8,52,11.5,76,66666.66667
2016,"Hamilton Township, New Jersey",19.1,169,23.1,205,88481.67539
2016,"La Mesa, California",11.2,68,16,97,60714.28571
2016,"Pembroke Pines, Florida",12.9,218,17.6,298,168992.2481
2016,"Harrison Town, New York",22.1,63,25.9,74,28506.78733
2016,"Mesquite, Texas",15,218,20.6,300,145333.3333
2016,"Peoria, Arizona",10.5,184,15.7,275,175238.0952
2016,"Antioch, California",8.5,95,11,123,111764.7059
2016,"Reno, Nevada",12.7,311,15.3,375,244881.8898
2016,"Howell Township, New Jersey",16.4,86,19.5,102,52439.02439
2016,"Menlo Park, California",13.9,47,19.9,67,33812.94964
2016,"Spokane, Washington",14.3,307,18.7,400,214685.3147
2016,"Brighton Town, New York",10.3,38,11.9,44,36893.20388
2016,"Tamarac, Florida",12.4,81,15.1,99,65322.58065
2016,"Victoria, Texas",15.6,107,20.7,142,68589.74359
2016,"Socorro, Texas",8.7,29,12.3,41,33333.33333
2016,"Turlock, California",10.7,78,16,117,72897.19626
2016,"Elmhurst, Illinois",14.5,67,19.2,89,46206.89655
2016,"Meridian, Idaho",9.8,92,12.2,115,93877.55102
2016,"Wyoming, Michigan",11.5,87,13.4,102,75652.17391
2016,"Fontana, California",8.8,185,13.1,275,210227.2727
2016,"Oakland Park, Florida",18.9,85,21.4,96,44973.54497
2016,"Minnetonka, Minnesota",10,52,13.3,69,52000
2016,"East Lansing, Michigan",11.1,54,13.8,67,48648.64865
2016,"North Providence, Rhode Island",18.7,61,24,78,32620.32086
2016,"Pharr, Texas",16.1,125,21.1,164,77639.75155
2016,"Amarillo, Texas",17.1,343,20.5,411,200584.7953
2016,"Foster City, California",10.6,36,14.7,50,33962.26415
2016,"Henderson, Kentucky",20.8,60,28,81,28846.15385
2016,"Broken Arrow, Oklahoma",12.8,138,17.4,188,107812.5
2016,"McAllen, Texas",18.4,262,28.7,408,142391.3043
2016,"Twin Falls, Idaho",14.8,71,21.2,102,47972.97297
2016,"Beaumont, California",8.4,38,12.4,56,45238.09524
2016,"San Fernando, California",10.7,27,16.3,41,25233.64486
2016,"Thornton, Colorado",13.2,180,18,245,136363.6364
2016,"Orland Park, Illinois",16.6,98,21,124,59036.14458
2016,"Niagara Falls, New York",32.3,157,36.6,178,48606.81115
2016,"Lewiston, Idaho",12.6,41,19.3,63,32539.68254
2016,"Norwood, Massachusetts",19.6,57,23.4,68,29081.63265
2016,"Joplin, Missouri",19.6,102,28.1,146,52040.81633
2016,"South Gate, California",8.2,79,12.2,118,96341.46341
2016,"Irving, Texas",13.7,330,20,482,240875.9124
2016,"Ridgefield, Connecticut",16.6,42,18.9,48,25301.20482
2016,"Atlanta, Georgia",35.8,"1,694",45.3,"2,140",473184.3575
2016,"New Berlin, Wisconsin",16.8,67,19.6,78,39880.95238
2016,"Cooper City, Florida",16,59,20.9,77,36875
2016,"Edmond, Oklahoma",13,119,17.2,158,91538.46154
2016,"Castle Rock, Colorado",12.1,69,16.3,93,57024.79339
2016,"DeWitt Town, New York",17.2,44,18.7,48,25581.39535
2016,"Weslaco, Texas",16.5,66,22.5,90,40000
2016,"State College, Pennsylvania",9.5,55,11.2,65,57894.73684
2016,"Savannah-Chatham Metropolitan, Georgia",23.6,570,34,821,241525.4237
2016,"Alton, Illinois",21.6,58,28,75,26851.85185
2016,"Hercules, California",7.8,20,8.6,22,25641.02564
2016,"Prior Lake, Minnesota",9.7,25,10.9,28,25773.19588
2016,"Neptune Township, New Jersey",26.5,73,30.2,83,27547.16981
2016,"Gahanna, Ohio",15.2,53,19.5,68,34868.42105
2016,"Missouri City, Texas",13.5,102,17.3,131,75555.55556
2016,"Tualatin, Oregon",13.5,37,16.4,45,27407.40741
2016,"Findlay, Ohio",15.6,64,19.9,82,41025.64103
2016,"Cheltenham Township, Pennsylvania",18.9,70,21,78,37037.03704
2016,"Texarkana, Texas",23.2,87,26.4,99,37500
2016,"Los Banos, California",9.8,37,16.4,62,37755.10204
2016,"Melbourne, Florida",18.8,152,26.1,211,80851.06383
2016,"Chesterfield Township, Michigan",9.1,41,12.2,55,45054.94505
2016,"Hamden, Connecticut",17.7,108,22.1,135,61016.94915
2016,"Rexburg, Idaho",11.4,32,14.2,40,28070.17544
2016,"Warminster Township, Pennsylvania",13.2,43,14.7,48,32575.75758
2016,"Round Lake Beach, Illinois",13.3,37,13.7,38,27819.54887
2016,"Wayne Township, New Jersey",20.7,114,25.6,141,55072.46377
2016,"Spring Valley Village, New York",15.5,51,17.7,58,32903.22581
2016,"Taylor, Michigan",12.1,74,14.7,90,61157.02479
2016,"Cincinnati, Ohio",35.2,"1,051",43.2,"1,292",298579.5455
2016,"St. Louis Park, Minnesota",10.9,53,13.7,67,48623.85321
2016,"Newington, Connecticut",16.7,51,20.9,64,30538.92216
2016,"Greenwich, Connecticut",24,151,28.3,178,62916.66667
2016,"Lodi, California",10.3,67,14.9,97,65048.54369
2016,"Bowie, Maryland",10.7,63,13.6,80,58878.50467
2016,"Walpole, Massachusetts",15.9,40,21,53,25157.2327
2016,"Lake Havasu City, Arizona",12.7,68,19.2,103,53543.30709
2016,"Reading, Pennsylvania",18.2,160,20.7,182,87912.08791
2016,"Northampton, Massachusetts",22.1,63,24.2,69,28506.78733
2016,"Muskegon, Michigan",19.2,74,21.3,82,38541.66667
2016,"Maricopa, Arizona",13.1,65,17.3,86,49618.32061
2016,"Dracut, Massachusetts",12.3,39,14.2,45,31707.31707
2016,"Blackman Township, Michigan",9.1,34,9.3,35,37362.63736
2016,"Buffalo, New York",26.9,693,35,900,257620.8178
2016,"White Lake Township, Michigan",8.4,26,11.6,36,30952.38095
2016,"Orange, California",10.1,143,15,213,141584.1584
2016,"Longmont, Colorado",14.7,137,21.9,204,93197.27891
2016,"Chapel Hill, North Carolina",17.3,104,21.2,127,60115.60694
2016,"Berkeley Township, New Jersey",15.8,66,21.1,88,41772.1519
2016,"Ogden, Utah",14.9,128,18.2,156,85906.04027
2016,"Milwaukee, Wisconsin",31.5,"1,889",38.8,"2,328",599682.5397
2016,"Ankeny, Iowa",9.1,54,10.5,62,59340.65934
2016,"Puyallup, Washington",13.9,56,19.2,77,40287.76978
2016,"Rosenberg, Texas",19.3,70,25.3,92,36269.43005
2016,"Casselberry, Florida",17.6,48,20.9,57,27272.72727
2016,"Wichita, Kansas",15.6,612,20.3,794,392307.6923
2016,"Grand Prairie, Texas",13.5,257,20.2,384,190370.3704
2016,"Fullerton, California",9.9,141,14.8,210,142424.2424
2016,"Kingsville, Texas",17.9,47,25.5,67,26256.98324
2016,"Dunwoody, Georgia",11,54,13,64,49090.90909
2016,"Fountain Valley, California",10.3,59,14,80,57281.5534
2016,"Del Rio, Texas",16.6,60,21,76,36144.57831
2016,"Beloit, Wisconsin",17.6,65,20.9,77,36931.81818
2016,"Montclair, New Jersey",27.3,104,31.8,121,38095.2381
2016,"Elkhart, Indiana",22.9,120,27,142,52401.74672
2016,"Cedar City, Utah",11.8,36,13.1,40,30508.47458
2016,"Cheektowaga Town, New York",16.1,126,20.7,162,78260.86957
2016,"West Warwick, Rhode Island",18.1,52,21.9,63,28729.28177
2016,"Sammamish, Washington",6,32,7.5,40,53333.33333
2016,"Perth Amboy, New Jersey",22.6,119,27.3,144,52654.86726
2016,"Dublin, Ohio",13.7,63,19.8,91,45985.40146
2016,"Dover, Delaware",27.8,105,36,136,37769.78417
2016,"Burbank, California",14.6,154,22.1,234,105479.4521
2016,"Tustin, California",10.7,87,16,131,81308.41121
2016,"Roanoke, Virginia",24.5,245,29.2,292,100000
2016,"Berkeley, California",14.3,175,21.4,263,122377.6224
2016,"Arvada, Colorado",13.5,158,18.3,215,117037.037
2016,"Riverhead Town, New York",25.1,85,30.5,103,33864.54183
2016,"Royal Oak, Michigan",13.1,78,15.7,93,59541.98473
2016,"Alvin, Texas",18,47,29.1,76,26111.11111
2016,"Grand Junction, Colorado",18.3,111,32.5,197,60655.7377
2016,"Bountiful, Utah",8.2,36,12,53,43902.43902
2016,"Aiken, South Carolina",27.9,86,37,114,30824.37276
2016,"Maryville, Tennessee",17.4,50,19.5,56,28735.63218
2016,"Rockwall, Texas",18.4,80,23,100,43478.26087
2016,"Miami Beach, Florida",42.3,394,52.8,492,93144.20804
2016,"White Plains, New York",32.5,191,34.2,201,58769.23077
2016,"Manchester, Connecticut",17.9,104,23.3,135,58100.55866
2016,"South Bend, Indiana",23.6,240,27.9,284,101694.9153
2016,"University Place, Washington",4.5,15,4.8,16,33333.33333
2016,"Taunton, Massachusetts",20.1,114,21.2,120,56716.41791
2016,"East Haven, Connecticut",18,52,19.4,56,28888.88889
2016,"Bossier City, Louisiana",23.2,161,28.8,200,69396.55172
2016,"Carmel Town, New York",9,31,11.1,38,34444.44444
2016,"Medford, Oregon",12.4,100,17,137,80645.16129
2016,"Gillette, Wyoming",15.4,51,23.5,78,33116.88312
2016,"New Milford, Connecticut",18.4,50,22.9,62,27173.91304
2016,"Lincoln Park, Michigan",10.9,40,12.5,46,36697.24771
2016,"Haltom City, Texas",15.9,71,18.9,84,44654.08805
2016,"North Charleston, South Carolina",29.6,327,35.7,394,110472.973
2016,"Odessa, Texas",13.5,166,17.9,220,122962.963
2016,"Citrus Heights, California",10,88,15.3,134,88000
2016,"Kent, Washington",10.8,139,14.6,188,128703.7037
2016,"Charleston, South Carolina",31.8,430,39.2,530,135220.1258
2016,"Hallandale, Florida",23,92,32.3,129,40000
2016,"Hialeah, Florida",10.9,260,13.5,324,238532.1101
2016,"Savage, Minnesota",10.3,32,12.9,40,31067.96117
2016,"Olathe, Kansas",12.2,166,14.3,194,136065.5738
2016,"Bella Vista, Arkansas",9.5,27,14.1,40,28421.05263
2016,"Gainesville, Florida",22.8,299,27.4,360,131140.3509
2016,"Delano, California",9.5,50,13.1,69,52631.57895
2016,"Farmers Branch, Texas",20.3,68,29.8,100,33497.53695
2016,"Allentown, Pennsylvania",18.2,220,19.9,240,120879.1209
2016,"Wheeling, Illinois",15.7,60,24.9,95,38216.56051
2016,"Coeur d'Alene, Idaho",16,80,19.5,98,50000
2016,"Rochester, Minnesota",12.1,137,17,193,113223.1405
2016,"Goodyear, Arizona",11.7,96,16.1,132,82051.28205
2016,"Simi Valley, California",9.6,122,13.9,177,127083.3333
2016,"Corpus Christi, Texas",13.5,444,19.1,625,328888.8889
2016,"Hobbs, New Mexico",23.9,94,32.5,128,39330.54393
2016,"Orlando, Florida",25.7,715,32.9,915,278210.1167
2016,"Lufkin, Texas",20.5,75,27.1,99,36585.36585
2016,"Federal Way, Washington",13.5,130,16.5,159,96296.2963
2016,"Zionsville, Indiana",10.8,29,11.2,30,26851.85185
2016,"College Station, Texas",11.7,130,16.9,187,111111.1111
2016,"Athens-Clarke County, Georgia",18.4,228,23.6,292,123913.0435
2016,"Atlantic City, New Jersey",70.9,278,101.3,397,39210.15515
2016,"Greensboro, North Carolina",23.6,681,27.2,786,288559.322
2016,"Garland, Texas",13.6,326,19,454,239705.8824
2016,"Eden Prairie, Minnesota",10.5,67,14.5,93,63809.52381
2016,"Cherry Hill Township, New Jersey",19.6,139,23.4,166,70918.36735
2016,"Winchester, Virginia",26.3,72,35.1,96,27376.42586
2016,"Colleyville, Texas",16.5,43,18.8,49,26060.60606
2016,"Livermore, California",9.9,89,14.9,133,89898.9899
2016,"Hampden Township, Pennsylvania",8.4,25,8.8,26,29761.90476
2016,"Gloucester, Massachusetts",15.8,47,17.4,52,29746.83544
2016,"Richardson, Texas",13.7,155,21.9,248,113138.6861
2016,"Sandy, Utah",11.5,109,15.1,143,94782.6087
2016,"Barnstable, Massachusetts",25.7,113,29.1,128,43968.8716
2016,"Sachse, Texas",11,28,16.5,42,25454.54545
2016,"Billings, Montana",13.3,148,15.8,176,111278.1955
2016,"Johns Creek, Georgia",8.5,72,9.6,81,84705.88235
2016,"Falls Township, Bucks County, Pennsylvania",15.4,52,17.7,60,33766.23377
2016,"Westminster, Colorado",15.2,174,21.6,247,114473.6842
2016,"Florence, Alabama",26.1,105,32.4,130,40229.88506
2016,"Margate, Florida",18.1,105,24.1,140,58011.04972
2016,"Kenner, Louisiana",24.9,167,34.5,232,67068.27309
2016,"Phoenix, Arizona",17.4,"2,762",23.4,"3,706",1587356.322
2016,"Glenview, Illinois",14.4,69,15.4,74,47916.66667
2016,"Oklahoma City, Oklahoma",17.3,"1,113",21.5,"1,381",643352.6012
2016,"Spokane Valley, Washington",10.5,101,10.6,102,96190.47619
2016,"Plymouth Township, Michigan",11.2,30,17.9,48,26785.71429
2016,"Vancouver, Washington",11,193,13.4,235,175454.5455
2016,"Brentwood, Tennessee",13.6,58,17.1,73,42647.05882
2016,"Aventura, Florida",21,80,31.3,119,38095.2381
2016,"Frisco, Texas",10.2,166,15.2,247,162745.098
2016,"Union City, New Jersey",23.4,162,35.9,249,69230.76923
2016,"Stamford, Connecticut",20.5,267,24.2,315,130243.9024
2016,"New Orleans, Louisiana",29.5,"1,171",35.3,"1,403",396949.1525
2016,"Newton, Massachusetts",16.7,149,21.9,195,89221.55689
2016,"Bloomington, Illinois",15.9,125,20.5,161,78616.3522
2016,"Greece Town, New York",10.2,99,10.8,105,97058.82353
2016,"Marion, Iowa",11.9,45,15.1,57,37815.12605
2016,"Folsom, California",9.1,70,12.3,95,76923.07692
2016,"Springfield, Oregon",10.6,65,15.7,96,61320.75472
2016,"Boynton Beach, Florida",19.7,148,26.9,202,75126.90355
2016,"Tracy, California",9.7,85,14.3,126,87628.86598
2016,"Denton, Texas",12,161,16.2,217,134166.6667
2016,"Raleigh, North Carolina",15.8,729,19,875,461392.4051
2016,"Littleton, Colorado",14.8,70,20.1,95,47297.2973
2016,"Dartmouth, Massachusetts",20.2,70,25.4,88,34653.46535
2016,"West Milford Township, New Jersey",16.5,44,19.1,51,26666.66667
2016,"Randolph Township, New Jersey",13.9,36,15.8,41,25899.28058
2016,"Mankato, Minnesota",13.6,56,15.7,65,41176.47059
2016,"Garner, North Carolina",21.7,62,24.6,70,28571.42857
2016,"Hempstead Village, New York",21.1,118,25.1,140,55924.17062
2016,"Morristown, Tennessee",28.7,85,31.1,92,29616.72474
2016,"Andover, Massachusetts",14.3,51,20,71,35664.33566
2016,"Madison, Alabama",16.8,80,22.2,106,47619.04762
2016,"Bethlehem, Pennsylvania",19.8,148,19.8,148,74747.47475
2016,"Durham, North Carolina",18.6,490,25.7,679,263440.8602
2016,"Newtown, Connecticut",15.7,44,17.1,48,28025.47771
2016,"Covina, California",12,59,17.7,87,49166.66667
2016,"Smyrna, Georgia",15.7,90,22.2,127,57324.84076
2016,"Mercer Island, Washington",12.1,31,13.7,35,25619.83471
2016,"Pleasant Grove, Utah",6.9,27,9,35,39130.43478
2016,"Manheim Township, Pennsylvania",15.8,63,18.8,75,39873.41772
2016,"Bloomington, Minnesota",13.5,118,17,148,87407.40741
2016,"Bell Gardens, California",11.5,50,16.6,72,43478.26087
2016,"Central Marin, California",11.6,41,13,46,35344.82759
2016,"Renton, Washington",11.5,117,14.3,146,101739.1304
2016,"Kearny, New Jersey",25.8,109,27.2,115,42248.06202
2016,"Prattville, Alabama",23.3,83,25.8,92,35622.3176
2016,"Reedley, California",10.5,27,15.5,40,25714.28571
2016,"Wallingford, Connecticut",15.4,69,20.1,90,44805.19481
2016,"Euless, Texas",15.3,84,24.1,132,54901.96078
2016,"Lombard, Illinois",15.5,68,18.7,82,43870.96774
2016,"Bentonville, Arkansas",14.6,68,21.1,98,46575.34247
2016,"Middletown, Connecticut",23.4,109,26.2,122,46581.19658
2016,"Wheat Ridge, Colorado",23.9,75,32.5,102,31380.75314
2016,"Holyoke, Massachusetts",29.5,120,35.3,144,40677.9661
2016,"Shawnee, Kansas",13.6,89,16.6,109,65441.17647
2016,"Attleboro, Massachusetts",17.9,79,20.6,91,44134.07821
2016,"Gloucester Township, New Jersey",19.7,125,23.2,147,63451.77665
2016,"Lake Oswego, Oregon",10.8,42,17,66,38888.88889
2016,"Montebello, California",10.3,66,15.4,99,64077.6699
2016,"Danvers, Massachusetts",16.4,46,20.7,58,28048.78049
2016,"Southlake, Texas",20.2,62,22.5,69,30693.06931
2016,"South Portland, Maine",20.6,53,23,59,25728.15534
2016,"Mount Prospect, Illinois",15,82,18.6,102,54666.66667
2016,"Lakeland, Florida",22.4,237,33.4,353,105803.5714
2016,"Englewood, Colorado",21.1,71,29.7,100,33649.2891
2016,"Jefferson City, Missouri",20.4,88,29,125,43137.2549
2016,"Great Falls, Montana",14.7,88,21.8,130,59863.94558
2016,"Tyler, Texas",18.1,190,22.7,238,104972.3757
2016,"Ann Arbor, Michigan",10.6,125,12.8,151,117924.5283
2016,"Walnut Creek, California",12.2,85,16.9,118,69672.13115
2016,"Hamilton Township, Atlantic County, New Jersey",18.6,50,27.2,73,26881.72043
2016,"San Gabriel, California",12.1,49,15.8,64,40495.86777
2016,"Lafayette, Colorado",13.4,38,16.9,48,28358.20896
2016,"Rogers, Arkansas",15.2,98,21.5,139,64473.68421
2016,"Galloway Township, New Jersey",15.8,59,21.7,81,37341.77215
2016,"High Point, North Carolina",19.9,222,24,268,111557.7889
2016,"Salem, Oregon",11.4,190,18.7,312,166666.6667
2016,"Deerfield Beach, Florida",15.1,122,16.4,132,80794.70199
2016,"Oshkosh, Wisconsin",14.7,98,16.8,112,66666.66667
2016,"Coral Springs, Florida",14.7,193,22.1,290,131292.517
2016,"Pearland, Texas",14.3,161,19.1,215,112587.4126
2016,"Torrance, California",14,208,20.7,309,148571.4286
2016,"Lake Stevens, Washington",8.6,27,10.5,33,31395.34884
2016,"Grand Island, Nebraska",16.4,85,19.6,102,51829.26829
2016,"Porterville, California",10.6,60,15.2,86,56603.77358
2016,"Newark, California",12,55,16.8,77,45833.33333
2016,"Ramapo Town, New York",10.3,95,12.6,117,92233.00971
2016,"Columbia, South Carolina",25.1,338,31.5,424,134661.3546
2016,"Largo, Florida",17.2,140,22.4,182,81395.34884
2016,"Ormond Beach, Florida",14.8,61,19.8,82,41216.21622
2016,"Akron, Ohio",22.8,449,24.5,484,196929.8246
2016,"Vacaville, California",10.1,99,15.4,150,98019.80198
2016,"Panama City, Florida",24.5,95,33.7,131,38775.5102
2016,"Hammond, Indiana",26.9,207,30.4,234,76951.67286
2016,"Mint Hill, North Carolina",11.8,31,13,34,26271.18644
2016,"Garfield, New Jersey",20.7,66,23.8,76,31884.05797
2016,"West Haven, Connecticut",22.4,123,25.2,138,54910.71429
2016,"El Monte, California",9.2,108,13,152,117391.3043
2016,"Springfield, Ohio",20.2,120,22.2,132,59405.94059
2016,"Piscataway Township, New Jersey",14.6,85,18,105,58219.17808
2016,"Seattle, Washington",19.8,"1,384",27.8,"1,946",698989.899
2016,"Union City, California",9.9,75,13.8,104,75757.57576
2016,"Russellville, Arkansas",17.4,51,19.4,57,29310.34483
2016,"Novato, California",10,56,14.2,80,56000
2016,"St. Paul, Minnesota",20.6,627,26.2,796,304368.932
2016,"Upper Darby Township, Pennsylvania",15.2,126,17.5,145,82894.73684
2016,"Bellingham, Washington",13.1,113,20.2,174,86259.54198
2016,"Nampa, Idaho",12.2,112,18.2,167,91803.27869
2016,"New Britain, Connecticut",22.1,161,23.2,169,72850.67873
2016,"Enfield, Connecticut",21.2,94,25.8,114,44339.62264
2016,"Bowling Green, Ohio",11.8,37,16.6,52,31355.9322
2016,"Middletown Township, Pennsylvania",12.3,56,13.7,62,45528.45528
2016,"Neenah, Wisconsin",15.9,41,19.7,51,25786.16352
2016,"Davenport, Iowa",15.3,158,17.3,178,103267.9739
2016,"Woonsocket, Rhode Island",22.2,92,27.5,114,41441.44144
2016,"Shelton, Connecticut",12.5,52,14.7,61,41600
2016,"Portsmouth, Virginia",24.1,231,32.6,312,95850.62241
2016,"Roswell, Georgia",14.7,141,20.5,196,95918.36735
2016,"North Richland Hills, Texas",15.6,110,26.4,186,70512.82051
2016,"Brookline, Massachusetts",21.9,129,26.9,159,58904.10959
2016,"Bozeman, Montana",13.9,62,15.6,70,44604.31655
2016,"New Lenox, Illinois",14.2,37,15.7,41,26056.33803
2016,"San Mateo, California",10.6,111,14.1,148,104716.9811
2016,"West Windsor Township, New Jersey",16.5,47,20.7,59,28484.84848
2016,"Hoboken, New Jersey",23.3,126,26.8,145,54077.25322
2016,"Minot, North Dakota",15.8,81,21.1,108,51265.82278
2016,"Newberg-Dundee, Oregon",13.4,35,18.8,49,26119.40299
2016,"Plant City, Florida",17.7,67,22.1,84,37853.10734
2016,"Worcester, Massachusetts",23.6,435,26.3,485,184322.0339
2016,"Chesapeake, Virginia",16.4,387,21.2,501,235975.6098
2016,"Bedford, Texas",15.3,76,25.3,126,49673.20261
2016,"Decatur, Illinois",21.7,158,26,189,72811.05991
2016,"Pittsburg, California",10.9,77,13.6,96,70642.20183
2016,"West New York, New Jersey",20.3,109,22.1,119,53694.58128
2016,"Wheaton, Illinois",12.3,66,15.2,82,53658.53659
2016,"Pomona, California",10,154,16.9,261,154000
2016,"Columbia, Tennessee",22.8,85,26.1,97,37280.70175
2016,"Washington Township, Gloucester County, New Jersey",16.2,77,17.7,84,47530.8642
2016,"Beaumont, Texas",21.5,254,26.8,317,118139.5349
2016,"Sahuarita, Arizona",16.7,43,19.4,50,25748.50299
2016,"Longview, Texas",20.8,172,22.5,186,82692.30769
2016,"Wooster, Ohio",14.9,40,16,43,26845.63758
2016,"Montgomery Township, Pennsylvania",13.7,36,17.1,45,26277.37226
2016,"Bakersfield, California",10.3,390,14,530,378640.7767
2016,"Provo, Utah",8.9,103,12.9,149,115730.3371
2016,"Teaneck Township, New Jersey",21.7,89,25.6,105,41013.82488
2016,"Harrisonburg, Virginia",17.9,95,21.3,113,53072.6257
2016,"Lawrence, Kansas",15.9,151,19.3,184,94968.55346
2016,"Pensacola, Florida",26.2,140,37.4,200,53435.1145
2016,"Pemberton Township, New Jersey",13.7,38,15.5,43,27737.22628
2016,"Sumter, South Carolina",26.9,110,38.7,158,40892.19331
2016,"Springettsbury Township, Pennsylvania",11.9,32,13,35,26890.7563
2016,"Oregon City, Oregon",12.3,45,14.3,52,36585.36585
2016,"White Bear Lake, Minnesota",11,28,14.5,37,25454.54545
2016,"Burton, Michigan",14,40,15.1,43,28571.42857
2016,"Grand Rapids, Michigan",14,276,17,335,197142.8571
2016,"Mobile, Alabama",19.8,496,29.4,736,250505.0505
2016,"Stow, Ohio",11.2,39,13.5,47,34821.42857
2016,"Farmington Hills, Michigan",12.2,100,16.8,137,81967.21311
2016,"Suisun, California",7.1,21,11.1,33,29577.46479
2016,"Coconut Creek, Florida",15.8,96,21.4,130,60759.49367
2016,"Keller, Texas",10.2,48,17.9,84,47058.82353
2016,"Derry, New Hampshire",15.3,51,19.2,64,33333.33333
2016,"Norwich, Connecticut",22.1,88,25.6,102,39819.00452
2016,"Pocatello, Idaho",16.2,88,23.3,127,54320.98765
2016,"Winter Haven, Florida",22.3,86,29.1,112,38565.02242
2016,"Midwest City, Oklahoma",15.9,92,21.6,125,57861.63522
2016,"Phenix City, Alabama",21.8,84,28,108,38532.11009
2016,"Boca Raton, Florida",19.2,182,30.2,287,94791.66667
2016,"Niles, Illinois",18.4,55,22.8,68,29891.30435
2016,"DeSoto, Texas",12.2,65,22.6,120,53278.68852
2016,"Coon Rapids, Minnesota",10.1,63,11.2,70,62376.23762
2016,"Maple Valley, Washington",7.2,19,9.1,24,26388.88889
2016,"Draper, Utah",8.2,39,9.9,47,47560.97561
2016,"Alexandria, Virginia",20.4,317,26.3,409,155392.1569
2016,"Davie, Florida",17.9,184,24.1,248,102793.2961
2016,"Dania, Florida",21.4,68,23.6,75,31775.70093
2016,"Milton, Georgia",9.6,37,10.6,41,38541.66667
2016,"Springfield, Illinois",20.7,241,23,268,116425.1208
2016,"West Chicago, Illinois",16.7,46,18.6,51,27544.91018
2016,"Richland, Washington",11.2,62,13.7,76,55357.14286
2016,"Randolph, Massachusetts",17.5,59,18,61,33714.28571
2016,"Mount Juliet, Tennessee",16.6,55,21.2,70,33132.53012
2016,"Edmonds, Washington",12.9,54,15.1,63,41860.46512
2016,"Sioux City, Iowa",15.1,125,18.1,150,82781.45695
2016,"Salisbury, North Carolina",20.2,69,22.3,76,34158.41584
2016,"Warwick, Rhode Island",20.5,167,26.8,218,81463.41463
2016,"Greenfield, Wisconsin",15.2,57,20.1,75,37500
2016,"Lincoln, Nebraska",11.6,327,16.5,465,281896.5517
2016,"Marshfield, Massachusetts",17.9,46,19.1,49,25698.32402
2016,"Hampton, Virginia",20,271,29,393,135500
2016,"Milford, Massachusetts",15.7,45,18.9,54,28662.42038
2016,"Portage, Indiana",18.2,67,20.2,74,36813.18681
2016,"Belmont, California",10.9,30,16,44,27522.93578
2016,"Monrovia, California",13.6,51,21.8,82,37500
2016,"Lynn, Massachusetts",19.6,181,21.6,200,92346.93878
2016,"Melrose, Massachusetts",16.7,47,16.7,47,28143.71257
2016,"De Kalb, Illinois",14.4,62,17.9,77,43055.55556
2016,"Exeter Township, Berks County, Pennsylvania",11.2,29,12,31,25892.85714
2016,"Smyrna, Tennessee",16,77,20.8,100,48125
2016,"Springdale, Arkansas",17.9,142,25.2,200,79329.60894
2016,"Friendswood, Texas",14.7,58,19.8,78,39455.78231
2016,"Cheshire, Connecticut",16.1,47,20.2,59,29192.54658
2016,"Florissant, Missouri",16.3,85,20.7,108,52147.23926
2016,"Bristol Township, Pennsylvania",11.3,61,12.6,68,53982.30088
2016,"Batavia, Illinois",15.1,40,17.3,46,26490.06623
2016,"Orangetown Town, New York",21.6,82,22.7,86,37962.96296
2016,"Bell, California",9.1,33,12.4,45,36263.73626
2016,"San Rafael, California",10.9,65,14.5,86,59633.02752
2016,"East Hartford, Connecticut",24.2,123,30.2,153,50826.44628
2016,"Pasadena, Texas",17.3,268,22.3,345,154913.2948
2016,"Dodge City, Kansas",15.4,43,22.5,63,27922.07792
2016,"North Kingstown, Rhode Island",16.8,44,20.3,53,26190.47619
2016,"West Bloomfield Township, Michigan",10.6,70,15.6,103,66037.73585
2016,"St. Clair Shores, Michigan",13.5,81,14.3,86,60000
2016,"San Antonio, Texas",14.4,"2,152",18.8,"2,819",1494444.444
2016,"Torrington, Connecticut",21.9,76,25.1,87,34703.19635
2016,"Irvington, New Jersey",29,158,35.8,195,54482.75862
2016,"Laramie, Wyoming",14.2,46,21.9,71,32394.3662
2016,"Saginaw Township, Michigan",10.4,41,11.7,46,39423.07692
2016,"Glendale, Arizona",17.2,419,22.3,542,243604.6512
2016,"Balch Springs, Texas",14.1,36,20.8,53,25531.91489
2016,"Key West, Florida",35.4,92,45.4,118,25988.70056
2016,"Irondequoit Town, New York",9.6,49,11.8,60,51041.66667
2016,"Cedar Rapids, Iowa",16.3,214,21.3,280,131288.3436
2016,"Shawnee, Oklahoma",16.5,52,23.8,75,31515.15152
2016,"Schertz, Texas",13,51,18.4,72,39230.76923
2016,"South Salt Lake, Utah",22.8,57,27.2,68,25000
2016,"Madera, California",9.3,60,12,78,64516.12903
2016,"Meridian, Mississippi",19.8,78,25.9,102,39393.93939
2016,"Lebanon, Tennessee",23.8,74,29.9,93,31092.43697
2016,"Clifton, New Jersey",16.8,145,20.6,178,86309.52381
2016,"Rahway, New Jersey",24.5,73,27.5,82,29795.91837
2016,"Laredo, Texas",18.2,473,21.1,546,259890.1099
