Year	Police Department	Officers per 10K Population	Officers	Total Employees per 10K Population	Total Employees	
2016	"Holyoke, Massachusetts"	29.5	120	35.3	144	
2016	"Reynoldsburg, Ohio"	14.2	53	19	71	
2016	"Gahanna, Ohio"	15.2	53	19.5	68	
2016	"Pharr, Texas"	16.1	125	21.1	164	
2016	"Rochester, New Hampshire"	18.3	55	22.6	68	
2016	"Melbourne, Florida"	18.8	152	26.1	211	
2016	"Berkeley Township, New Jersey"	15.8	66	21.1	88	
2016	"Madison, Wisconsin"	18.9	476	23	580	
2016	"Richfield, Minnesota"	11.5	42	13.7	50	
2016	"Watertown, New York"	24.3	65	25.4	68	
2016	"Van Buren Township, Michigan"	14.2	40	19.6	55	
2016	"Vestal Town, New York"	12	34	13.1	37	
2016	"Central Marin, California"	11.6	41	13	46	1
2016	"Opelika, Alabama"	27.8	84	34.5	104	
2016	"Brookline, Massachusetts"	21.9	129	26.9	159	
2016	"East Fishkill Town, New York"	9.9	29	13	38	
2016	"Provo, Utah"	8.9	103	12.9	149	
2016	"Erie, Pennsylvania"	17.1	169	19.3	191	
2016	"Waltham, Massachusetts"	22.5	143	26.7	170	
2016	"Cleveland Heights, Ohio"	21.3	95	23.3	104	
2016	"New Britain, Connecticut"	22.1	161	23.2	169	
2016	"Attleboro, Massachusetts"	17.9	79	20.6	91	
2016	"Linden, New Jersey"	30.2	127	36.3	153	
2016	"Brookfield, Wisconsin"	18.4	70	23.1	88	
2016	"Oak Creek, Wisconsin"	15.8	56	22.1	78	
2016	"Charlotte-Mecklenburg, North Carolina"	19.4	"1,743"	25.7	"2,302"	
2016	"Fort Worth, Texas"	18.4	"1,566"	23.6	"2,007"	
2016	"Lincoln Park, Michigan"	10.9	40	12.5	46	
2016	"Eastpointe, Michigan"	11.3	37	12.5	41	
2016	"Grove City, Ohio"	15.2	61	19.4	78	
2016	"Foster City, California"	10.6	36	14.7	50	2
2016	"Greensboro, North Carolina"	23.6	681	27.2	786	
2016	"Lancaster, Texas"	12.2	48	14.5	57	
2016	"South Salt Lake, Utah"	22.8	57	27.2	68	
2016	"Plum, Pennsylvania"	8.7	24	10.9	30	
2016	"Alexandria, Virginia"	20.4	317	26.3	409	
2016	"Redmond, Washington"	12.8	79	19.9	123	
2016	"New Windsor Town, New York"	14.2	38	17.9	48	
2016	"Hoover, Alabama"	19.3	165	26.5	227	
2016	"West Allis, Wisconsin"	20.8	126	25.3	153	
2016	"Bend, Oregon"	9.7	87	12.9	115	
2016	"Westerville, Ohio"	19.1	74	26.3	102	
2016	"Neenah, Wisconsin"	15.9	41	19.7	51	
2016	"Las Cruces, New Mexico"	17.8	182	25	256	
2016	"Horn Lake, Mississippi"	18.5	50	24.7	67	
2016	"Coon Rapids, Minnesota"	10.1	63	11.2	70	
2016	"Port St. Lucie, Florida"	12.6	229	15.8	289	
2016	"Los Altos, California"	8.7	27	13.5	42	3
2016	"Orchard Park Town, New York"	10.4	31	13.1	39	
2016	"Westminster, California"	8.5	79	12.4	115	
2016	"Westfield, Massachusetts"	19.4	81	21.1	88	
2016	"Glendora, California"	9.7	51	16.4	86	
2016	"North Tonawanda, New York"	15.3	47	16.6	51	
2016	"Mount Pleasant, South Carolina"	17.3	146	19.8	167	
2016	"Beverly Hills, California"	33.4	117	52.5	184	
2016	"San Marcos, Texas"	16	103	22.2	143	
2016	"Salina, Kansas"	15.3	73	20.5	98	
2016	"Port Arthur, Texas"	20.2	112	26.7	148	
2016	"West Chester Township, Ohio"	13.6	83	17.4	106	
2016	"Honolulu, Hawaii"	20.5	"2,042"	25.5	"2,537"	
2016	"Morgan Hill, California"	8.9	39	13.4	59	
2016	"Lompoc, California"	10.1	45	15.3	68	
2016	"Elgin, Illinois"	16.1	182	21.8	246	
2016	"Overland Park, Kansas"	12.9	243	15.8	298	
2016	"Hurst, Texas"	19.1	75	30.8	121	
2016	"Manheim Township, Pennsylvania"	15.8	63	18.8	75	
2016	"Wake Forest, North Carolina"	17	68	20.8	83	
2016	"Buena Park, California"	9.7	81	14.4	121	
2016	"Pasco, Washington"	10	71	11.7	83	
2016	"Middletown Township, Pennsylvania"	12.3	56	13.7	62	
2016	"Gurnee, Illinois"	19.3	60	29	90	
2016	"Radnor Township, Pennsylvania"	13.3	42	14.5	46	
2016	"San Ramon, California"	8.5	65	10.5	81	
2016	"Bernards Township, New Jersey"	14.1	38	15.9	43	
2016	"State College, Pennsylvania"	9.5	55	11.2	65	
2016	"Eden Prairie, Minnesota"	10.5	67	14.5	93	
2016	"Leawood, Kansas"	15.9	56	21.9	77	
2016	"Fort Smith, Arkansas"	15.9	141	21.3	189	
2016	"Marshalltown, Iowa"	14.8	41	21	58	
2016	"Howell Township, New Jersey"	16.4	86	19.5	102	
2016	"Greenville, Texas"	20.2	54	27.4	73	
2016	"Escondido, California"	10.2	156	13.8	211	
2016	"Enfield, Connecticut"	21.2	94	25.8	114	
2016	"Euclid, Ohio"	19.4	92	20.7	98	
2016	"Dodge City, Kansas"	15.4	43	22.5	63	
2016	"Bentonville, Arkansas"	14.6	68	21.1	98	
2016	"Oakdale, Minnesota"	11.3	32	13.5	38	
2016	"Manalapan Township, New Jersey"	13.4	54	14.1	57	
2016	"Cooper City, Florida"	16	59	20.9	77	
2016	"North Kingstown, Rhode Island"	16.8	44	20.3	53	
2016	"Agawam, Massachusetts"	16.3	47	19.8	57	
2016	"Brooklyn Center, Minnesota"	15.5	48	19.4	60	
2016	"Kissimmee, Florida"	17.7	126	30.9	220	
2016	"San Fernando, California"	10.7	27	16.3	41	
2016	"Salinas, California"	8.4	134	12	191	
2016	"Kentwood, Michigan"	13.1	68	15.6	81	
2016	"Phenix City, Alabama"	21.8	84	28	108	
2016	"Davis, California"	8.8	60	13.4	91	
2016	"West Sacramento, California"	12.9	69	16.6	89	
2016	"Cherry Hill Township, New Jersey"	19.6	139	23.4	166	
2016	"Warren, Michigan"	14.5	196	17.3	235	
2016	"Denver, Colorado"	21.2	"1,483"	25.7	"1,799"	
2016	"Jackson Township, New Jersey"	15.4	87	18.6	105	
2016	"Bixby, Oklahoma"	10.6	27	14.1	36	
2016	"Independence, Missouri"	15.7	184	21.9	257	
2016	"Westtown-East Goshen Regional, Pennsylvania"	9.2	30	10.1	33	
2016	"Tulsa, Oklahoma"	18.4	747	22.5	912	
2016	"Parsippany-Troy Hills Township, New Jersey"	19.3	103	23.2	124	
2016	"Tempe, Arizona"	19.9	355	27.6	493	
2016	"Charleston, South Carolina"	31.8	430	39.2	530	
2016	"Grand Blanc Township, Michigan"	10.7	39	12.6	46	
2016	"Yuba City, California"	7.7	52	11.6	78	
2016	"Daly City, California"	9.3	100	12.4	133	
2016	"Cottage Grove, Minnesota"	11.3	41	13.3	48	
2016	"Hollister, California"	7.1	27	8.7	33	
2016	"Missoula, Montana"	14.5	104	18.1	130	
2016	"Friendswood, Texas"	14.7	58	19.8	78	
2016	"Brea, California"	14.4	61	22.4	95	
2016	"Freeport Village, New York"	22.6	98	26.5	115	
2016	"Plantation, Florida"	17.5	165	26.8	252	
2016	"Burnsville, Minnesota"	12	74	13.5	83	
2016	"Rochester, Minnesota"	12.1	137	17	193	
2016	"Melrose, Massachusetts"	16.7	47	16.7	47	
2016	"Salem, Massachusetts"	23.3	100	24.7	106	
2016	"Oak Park, Michigan"	16.4	49	20.4	61	
2016	"Indio, California"	7.1	63	11.1	99	
2016	"Union City, California"	9.9	75	13.8	104	
2016	"Malden, Massachusetts"	16.5	101	18.7	114	
2016	"Burton, Michigan"	14	40	15.1	43	
2016	"Springfield Township, Hamilton County, Ohio"	12.9	47	14.8	54	
2016	"Moorhead, Minnesota"	13.2	56	16.9	72	
2016	"Sarasota, Florida"	29.2	163	37.5	209	
2016	"Salem, Virginia"	24.4	62	33.5	85	
2016	"Farmers Branch, Texas"	20.3	68	29.8	100	
2016	"Post Falls, Idaho"	13.9	43	22.6	70	
2016	"Dania, Florida"	21.4	68	23.6	75	
2016	"Delano, California"	9.5	50	13.1	69	
2016	"Coeur d'Alene, Idaho"	16	80	19.5	98	
2016	"Gilbert, Arizona"	8.9	227	13.3	341	
2016	"Roseville, California"	9.4	125	13.8	183	
2016	"Coppell, Texas"	14.9	62	16.6	69	
2016	"Federal Way, Washington"	13.5	130	16.5	159	
2016	"Beaverton, Oregon"	13.7	134	17.5	171	
2016	"Wheeling, West Virginia"	24.7	68	28	77	
2016	"Riverside, California"	10.7	350	15.4	503	
2016	"El Monte, California"	9.2	108	13	152	
2016	"San Juan, Texas"	12.7	47	15.6	58	
2016	"Hammond, Indiana"	26.9	207	30.4	234	
2016	"Muskegon, Michigan"	19.2	74	21.3	82	
2016	"Novi, Michigan"	10.4	62	14.1	84	
2016	"Tonawanda Town, New York"	17.9	103	26.2	151	
2016	"Fullerton, California"	9.9	141	14.8	210	
2016	"Shelton, Connecticut"	12.5	52	14.7	61	
2016	"Lodi, California"	10.3	67	14.9	97	
2016	"Miami Beach, Florida"	42.3	394	52.8	492	
2016	"Placentia, California"	8.5	45	12.9	68	
2016	"Biloxi, Mississippi"	27.6	127	38.5	177	
2016	"Chula Vista, California"	8.3	225	11.3	305	
2016	"Fremont, Nebraska"	14	37	15.9	42	
2016	"Lakewood, Ohio"	19.9	100	24.2	122	
2016	"Spring Hill, Tennessee"	12.8	48	13.8	52	
2016	"Maple Grove, Minnesota"	9.5	66	11.3	79	
2016	"College Station, Texas"	11.7	130	16.9	187	
2016	"Montgomery, Alabama"	25.2	503	30.8	614	
2016	"Boise, Idaho"	12.3	272	16.4	363	
2016	"Marlborough, Massachusetts"	16.3	65	19.3	77	
2016	"Pawtucket, Rhode Island"	19.3	138	23.7	170	
2016	"Mishawaka, Indiana"	22.2	107	25.1	121	
2016	"Batavia, Illinois"	15.1	40	17.3	46	
2016	"Wylie, Texas"	12.8	61	13.8	66	
2016	"Stillwater, Oklahoma"	14.5	72	22.4	111	
2016	"Princeton, New Jersey"	17.5	52	23.6	70	
2016	"Weslaco, Texas"	16.5	66	22.5	90	
2016	"Alvin, Texas"	18	47	29.1	76	
2016	"Providence, Rhode Island"	23.6	423	28.5	511	
2016	"Fountain Valley, California"	10.3	59	14	80	
2016	"Pocono Mountain Regional, Pennsylvania"	9.7	41	10.9	46	
2016	"Sunrise, Florida"	18.5	175	24.5	231	
2016	"Syracuse, New York"	28.8	415	33.6	484	
2016	"Apple Valley, Minnesota"	10.1	52	11.6	60	
2016	"Neptune Township, New Jersey"	26.5	73	30.2	83	
2016	"Vernon, Connecticut"	16.9	49	22.1	64	
2016	"Westminster, Colorado"	15.2	174	21.6	247	
2016	"National City, California"	14	86	19.5	120	
2016	"Stamford, Connecticut"	20.5	267	24.2	315	
2016	"Rio Rancho, New Mexico"	14.1	135	24.4	233	
2016	"Kingman, Arizona"	18.6	54	24.4	71	
2016	"Jackson, Tennessee"	31.6	212	38.2	256	
2016	"Sandy, Utah"	11.5	109	15.1	143	
2016	"Baltimore, Maryland"	40.6	"2,512"	47	"2,908"	
2016	"Falls Township, Bucks County, Pennsylvania"	15.4	52	17.7	60	
2016	"Mentor, Ohio"	17.3	81	23.5	110	
2016	"Cranston, Rhode Island"	18.1	147	21.7	176	
2016	"Chicago, Illinois"	43.9	"11,954"	48.2	"13,135"	
2016	"Portland, Oregon"	14.1	908	17.9	"1,150"	
2016	"Jacksonville, Arkansas"	25.1	72	30	86	
2016	"Johns Creek, Georgia"	8.5	72	9.6	81	
2016	"Inver Grove Heights, Minnesota"	11.1	39	12.6	44	
2016	"Taylor, Michigan"	12.1	74	14.7	90	
2016	"Juneau, Alaska"	15.2	50	24.9	82	
2016	"Dover, Delaware"	27.8	105	36	136	
2016	"Mount Vernon, Washington"	12.2	42	15.6	54	
2016	"West Linn, Oregon"	10.8	29	12.3	33	
2016	"Brockton, Massachusetts"	19.6	187	21.9	208	
2016	"Walla Walla, Washington"	14.2	46	22	71	
2016	"Livingston Township, New Jersey"	22.8	68	26.5	79	
2016	"Northern York Regional, Pennsylvania"	7.1	49	7.7	53	
2016	"Pennsauken Township, New Jersey"	20.6	73	22.9	81	
2016	"Grand Forks, North Dakota"	14.5	84	17.1	99	
2016	"Prescott Valley, Arizona"	14.2	61	18.9	81	
2016	"Concord, California"	11.5	150	15.5	201	
2016	"St. Louis, Missouri"	38	"1,194"	51.9	"1,632"	
2016	"Cape Girardeau, Missouri"	20.4	81	29.7	118	
2016	"Montebello, California"	10.3	66	15.4	99	
2016	"Brownsville, Texas"	13.1	244	19.1	354	
2016	"Harrison Town, New York"	22.1	63	25.9	74	
2016	"Olathe, Kansas"	12.2	166	14.3	194	
2016	"Plymouth Township, Michigan"	11.2	30	17.9	48	
2016	"East Hartford, Connecticut"	24.2	123	30.2	153	
2016	"Salisbury, Maryland"	26.9	90	34.1	114	
2016	"Laramie, Wyoming"	14.2	46	21.9	71	
2016	"Orlando, Florida"	25.7	715	32.9	915	
2016	"Laurel, Maryland"	24.2	64	32.2	85	
2016	"Dickinson, North Dakota"	14.3	36	21.9	55	
2016	"Mansfield, Texas"	14.4	95	34.2	225	
2016	"Eagle Pass, Texas"	21.5	63	26.7	78	
2016	"Pasadena, Texas"	17.3	268	22.3	345	
2016	"Irvington, New Jersey"	29	158	35.8	195	
2016	"Strongsville, Ohio"	15.9	71	19	85	
2016	"Brentwood, California"	10.2	62	13.7	83	
2016	"Norristown, Pennsylvania"	19.5	67	23.8	82	
2016	"Cheyenne, Wyoming"	15.9	102	19.2	123	
2016	"San Diego, California"	12.8	"1,815"	17.8	"2,522"	
2016	"Springfield, Oregon"	10.6	65	15.7	96	
2016	"Cranberry Township, Pennsylvania"	8.7	27	10	31	
2016	"Woburn, Massachusetts"	18.9	75	20.2	80	
2016	"Leominster, Massachusetts"	16.1	67	20	83	
2016	"Santa Ana, California"	9.2	310	15.5	523	
2016	"Southington, Connecticut"	15.5	68	20.3	89	
2016	"Johnson City, Tennessee"	22.3	148	26.6	177	
2016	"Syracuse, Utah"	7.5	21	8.2	23	
2016	"Murray, Utah"	15.1	75	18.1	90	
2016	"Longmont, Colorado"	14.7	137	21.9	204	
2016	"Sanford, North Carolina"	27.9	82	35.8	105	
2016	"Lake Havasu City, Arizona"	12.7	68	19.2	103	
2016	"Eagan, Minnesota"	10.5	70	12.4	83	
2016	"Colleyville, Texas"	16.5	43	18.8	49	
2016	"Milford, Massachusetts"	15.7	45	18.9	54	
2016	"Lancaster, Pennsylvania"	20.9	124	24.9	148	
2016	"Calexico, California"	5.7	23	8.7	35	
2016	"Edmonds, Washington"	12.9	54	15.1	63	
2016	"Sioux Falls, South Dakota"	13.6	239	15.8	276	
2016	"Cheltenham Township, Pennsylvania"	18.9	70	21	78	
2016	"Nacogdoches, Texas"	18.5	63	25.5	87	
2016	"Lansing, Michigan"	16.3	188	18.5	213	
2016	"York Area Regional, Pennsylvania"	8	44	8.7	48	
2016	"Sayreville, New Jersey"	18.6	84	21.3	96	
2016	"Tulare, California"	11.4	72	17.3	109	
2016	"Statesville, North Carolina"	27.1	72	34.6	92	
2016	"Richmond, Virginia"	30.6	680	36.1	802	
2016	"Ewing Township, New Jersey"	20.6	75	25.8	94	
2016	"Newnan, Georgia"	20.7	79	24.4	93	
2016	"Citrus Heights, California"	10	88	15.3	134	
2016	"Cornelius, North Carolina"	21.6	62	26.8	77	
2016	"Pflugerville, Texas"	13.9	82	18.5	109	
2016	"Fairborn, Ohio"	13.4	45	17.6	59	
2016	"Gilroy, California"	11.5	62	16.1	87	
2016	"Brick Township, New Jersey"	17.9	134	26.2	196	
2016	"Oak Lawn, Illinois"	19	108	21.8	124	
2016	"North Huntingdon Township, Pennsylvania"	9.1	28	11	34	
2016	"Clinton, Iowa"	15.4	40	17.8	46	
2016	"South Bend, Indiana"	23.6	240	27.9	284	
2016	"South Jordan, Utah"	7.1	50	8.3	58	
2016	"Riviera Beach, Florida"	31.2	107	43.7	150	
2016	"Anaheim, California"	11.5	408	15.9	562	
2016	"Dalton, Georgia"	24.4	83	28.2	96	
2016	"Jacksonville, Florida"	20	"1,758"	33.5	"2,947"	
2016	"Mason City, Iowa"	16.9	46	18.7	51	
2016	"Burien, Washington"	10.2	52	14.5	74	
2016	"Madison, Mississippi"	25.7	67	32.9	86	
2016	"Joplin, Missouri"	19.6	102	28.1	146	
2016	"Eureka, California"	17.4	47	26.3	71	
2016	"Council Bluffs, Iowa"	17.4	109	20.6	129	
2016	"St. Cloud, Florida"	16.7	79	24.7	117	
2016	"Scranton, Pennsylvania"	19.4	150	22	170	
2016	"New Lenox, Illinois"	14.2	37	15.7	41	
2016	"Petersburg, Virginia"	28.8	93	37.2	120	
2016	"Ramapo Town, New York"	10.3	95	12.6	117	
2016	"Tustin, California"	10.7	87	16	131	
2016	"Livermore, California"	9.9	89	14.9	133	
2016	"Madison Heights, Michigan"	15.2	46	19.1	58	
2016	"Danvers, Massachusetts"	16.4	46	20.7	58	
2016	"Little Rock, Arkansas"	26.4	525	32.1	639	
2016	"Alhambra, California"	9.8	84	14.5	125	
2016	"Collierville, Tennessee"	20	99	27.7	137	
2016	"Fairfield, Connecticut"	17.3	107	18.3	113	
2016	"Bell Gardens, California"	11.5	50	16.6	72	
2016	"Hemet, California"	7.3	62	10.8	92	
2016	"Broomfield, Colorado"	16.1	108	31.2	209	
2016	"Cedar Park, Texas"	11.6	80	16.8	116	
2016	"Cedar Rapids, Iowa"	16.3	214	21.3	280	
2016	"Sherwood, Arkansas"	21.8	67	31	95	
2016	"Piscataway Township, New Jersey"	14.6	85	18	105	
2016	"Upper Darby Township, Pennsylvania"	15.2	126	17.5	145	
2016	"Prescott, Arizona"	16.1	68	19.1	81	
2016	"Carol Stream, Illinois"	14.8	60	20.3	82	
2016	"Enid, Oklahoma"	18.8	98	23.4	122	
2016	"Hazelwood, Missouri"	26.1	67	30.4	78	
2016	"La Porte, Texas"	21.2	75	29.9	106	
2016	"Greeley, Colorado"	14.1	145	19.1	196	
2016	"Niles, Illinois"	18.4	55	22.8	68	
2016	"Belmont, Massachusetts"	17.9	46	23.4	60	
2016	"Dothan, Alabama"	23.3	161	33.7	233	
2016	"Downey, California"	9.2	106	13.1	150	
2016	"Crystal Lake, Illinois"	14.9	60	17.1	69	
2016	"Oak Ridge, Tennessee"	18.8	55	24.2	71	
2016	"Oak Forest, Illinois"	14.6	41	18.5	52	
2016	"New Haven, Connecticut"	34.8	454	39	509	
2016	"Aurora, Colorado"	18.3	670	22.1	810	
2016	"Costa Mesa, California"	9.8	112	15.1	172	
2016	"Springfield, Ohio"	20.2	120	22.2	132	
2016	"Alameda, California"	10.2	81	13.8	110	
2016	"Auburn, New York"	24.6	66	26.4	71	
2016	"Farmington, Connecticut"	17.5	45	23.8	61	
2016	"Tredyffrin Township, Pennsylvania"	14.2	42	15.9	47	
2016	"Gardena, California"	15.6	95	19.6	119	
2016	"Hamburg Town, New York"	13.3	61	16.9	78	
2016	"Blackman Township, Michigan"	9.1	34	9.3	35	
2016	"Grants Pass, Oregon"	14.2	53	22.8	85	
2016	"Hamilton, Ohio"	17.8	111	19.2	120	
2016	"Bothell, Washington"	13.2	58	19.2	84	
2016	"Owasso, Oklahoma"	15.5	55	20.5	73	
2016	"Plant City, Florida"	17.7	67	22.1	84	
2016	"Cleveland, Tennessee"	19.1	85	23.2	103	
2016	"Cedar Falls, Iowa"	9.6	40	9.8	41	
2016	"Newark, Delaware"	20.7	71	25.7	88	
2016	"Alexandria, Louisiana"	32.8	157	39.6	190	
2016	"Addison, Illinois"	17.7	66	31.9	119	
2016	"Gates Town, New York"	10.5	30	12.2	35	
2016	"El Centro, California"	10.9	48	16.1	71	
2016	"Ventura, California"	11.3	125	15	165	
2016	"Dallas, Texas"	24.8	"3,279"	29	"3,829"	
2016	"West Chicago, Illinois"	16.7	46	18.6	51	
2016	"East Lansing, Michigan"	11.1	54	13.8	67	
2016	"Irondequoit Town, New York"	9.6	49	11.8	60	
2016	"Watsonville, California"	12.6	68	15.9	86	
2016	"Winter Park, Florida"	26.4	80	36.2	110	
2016	"Cottonwood Heights, Utah"	12.2	42	15.1	52	
2016	"Odessa, Texas"	13.5	166	17.9	220	
2016	"Carlsbad, New Mexico"	21	62	30.1	89	
2016	Metropolitan Police Department of the District of Columbia	55.1	"3,753"	63.9	"4,352"	
2016	"North Richland Hills, Texas"	15.6	110	26.4	186	
2016	"Sumter, South Carolina"	26.9	110	38.7	158	
2016	"Daphne, Alabama"	19.6	50	28.9	74	
2016	"Waterford Township, Michigan"	7.2	53	9.5	70	
2016	"Andover, Massachusetts"	14.3	51	20	71	
2016	"Bowling Green, Kentucky"	18	116	23.4	151	
2016	"Redlands, California"	11.2	80	16.5	118	
2016	"Henderson, Nevada"	12	350	20.2	588	
2016	"Kansas City, Kansas"	22.4	339	28	425	
2016	"Glenview, Illinois"	14.4	69	15.4	74	
2016	"Lebanon, Pennsylvania"	16	41	17.2	44	
2016	"Marshfield, Massachusetts"	17.9	46	19.1	49	
2016	"St. Charles, Missouri"	15.9	110	21.9	152	
2016	"Chesterfield, Missouri"	18.8	90	20.9	100	
2016	"West New York, New Jersey"	20.3	109	22.1	119	
2016	"Brawley, California"	13.8	36	19.2	50	
2016	"Jupiter, Florida"	17.7	114	22.1	142	
2016	"Santa Monica, California"	21.7	204	39.8	374	
2016	"Billerica, Massachusetts"	15.1	65	18.2	78	
2016	"Winter Haven, Florida"	22.3	86	29.1	112	
2016	"Everett, Washington"	17.2	187	20.7	226	
2016	"Elkhart, Indiana"	22.9	120	27	142	
2016	"Mint Hill, North Carolina"	11.8	31	13	34	
2016	"Ridgecrest, California"	11	32	17.2	50	
2016	"Maryland Heights, Missouri"	28.5	78	34.7	95	
2016	"Omaha, Nebraska"	17.9	798	20.8	926	
2016	"Duncanville, Texas"	13.5	54	16.5	66	
2016	"Mount Laurel Township, New Jersey"	14.6	61	16.5	69	
2016	"Montclair, California"	12	47	17.4	68	
2016	"Kent, Ohio"	14	42	18.7	56	
2016	"St. Paul, Minnesota"	20.6	627	26.2	796	
2016	"Lewiston, Maine"	22.1	80	25.2	91	
2016	"Gloucester Township, New Jersey"	19.7	125	23.2	147	
2016	"Fuquay-Varina, North Carolina"	15.1	38	17.4	44	
2016	"Jeffersontown, Kentucky"	18.1	49	21.8	59	
2016	"Murfreesboro, Tennessee"	16.8	218	20.6	267	
2016	"Roanoke, Virginia"	24.5	245	29.2	292	
2016	"Westfield, Indiana"	11.8	45	13.1	50	
2016	"Westport, Connecticut"	22	62	26.6	75	
2016	"Concord, New Hampshire"	18.3	78	20.9	89	
2016	"Bryan, Texas"	16.9	141	21.4	178	
2016	"Springville, Utah"	7.6	25	10.7	35	
2016	"DeSoto, Texas"	12.2	65	22.6	120	
2016	"New Brunswick, New Jersey"	25.2	144	31.3	179	
2016	"Lauderhill, Florida"	13.5	98	17	123	
2016	"Rockford, Illinois"	19.5	288	21.9	323	
2016	"Troy, Ohio"	16.3	42	17.1	44	
2016	"Rochester, New York"	35.6	747	41.2	864	
2016	"Goodyear, Arizona"	11.7	96	16.1	132	
2016	"Bella Vista, Arkansas"	9.5	27	14.1	40	
2016	"Kent, Washington"	10.8	139	14.6	188	
2016	"Jackson, Mississippi"	24	409	37.7	641	
2016	"San Pablo, California"	15	46	21.8	67	
2016	"Englewood, Colorado"	21.1	71	29.7	100	
2016	"Binghamton, New York"	28.6	131	31.7	145	
2016	"Farmington, New Mexico"	31	131	40	169	
2016	"Culver City, California"	25.1	100	38.4	153	
2016	"Greenwood, Indiana"	10.3	58	11.7	66	
2016	"Stafford Township, New Jersey"	18.9	51	26.3	71	
2016	"Moon Township, Pennsylvania"	10.8	28	13.2	34	
2016	"Clovis, New Mexico"	13.6	54	19.9	79	
2016	"San Bruno, California"	11.2	49	14.9	65	
2016	"Philadelphia, Pennsylvania"	40.2	"6,313"	50.9	"7,995"	
2016	"Wichita, Kansas"	15.6	612	20.3	794	
2016	"Aberdeen, South Dakota"	15.8	45	18.9	54	
2016	"El Mirage, Arizona"	11.6	40	15.7	54	
2016	"Sioux City, Iowa"	15.1	125	18.1	150	
2016	"Johnston, Rhode Island"	22.8	67	27.3	80	
2016	"Marlboro Township, New Jersey"	17.9	73	25.3	103	
2016	"Tualatin, Oregon"	13.5	37	16.4	45	
2016	"East Providence, Rhode Island"	19.4	92	23.4	111	
2016	"West Springfield, Massachusetts"	29.3	84	32.4	93	
2016	"Webster Town and Village, New York"	7.2	32	8.1	36	
2016	"Xenia, Ohio"	15.7	41	25.7	67	
2016	"Huntington Beach, California"	10.5	214	16.4	334	
2016	"Lemoore, California"	12	31	14.7	38	
2016	"University Place, Washington"	4.5	15	4.8	16	
2016	"Athens-Clarke County, Georgia"	18.4	228	23.6	292	
2016	"Layton, Utah"	9.9	75	14.2	107	
2016	"Lehi, Utah"	7.7	47	8.7	53	
2016	"Spring Township, Berks County, Pennsylvania"	10.5	29	10.9	30	
2016	"San Luis, Arizona"	10.9	35	16.8	54	
2016	"Boston, Massachusetts"	31.5	"2,125"	39.7	"2,678"	
2016	"Smyrna, Tennessee"	16	77	20.8	100	
2016	"Sachse, Texas"	11	28	16.5	42	
2016	"Des Moines, Washington"	10.2	32	13.6	43	
2016	"Manitowoc, Wisconsin"	19.2	63	22.2	73	
2016	"Meridian Township, Michigan"	9.1	39	10.3	44	
2016	"Lawton, Oklahoma"	17.3	167	24.4	235	
2016	"San Gabriel, California"	12.1	49	15.8	64	
2016	"Shoreline, Washington"	9.5	53	13.1	73	
2016	"La Verne, California"	12.1	40	18.2	60	
2016	"Middletown, Ohio"	13.9	68	21.1	103	
2016	"Jackson, Michigan"	13.9	46	17.5	58	
2016	"Green Bay, Wisconsin"	17.9	189	21.6	228	
2016	"Parker, Colorado"	14.3	72	22.4	113	
2016	"Anchorage, Alaska"	11.9	356	16.6	497	
2016	"Randolph, Massachusetts"	17.5	59	18	61	
2016	"Grand Island, Nebraska"	16.4	85	19.6	102	
2016	"O'Fallon, Missouri"	13.6	117	17.5	151	
2016	"Stockton, California"	13.4	412	19.8	610	
2016	"Norwood, Massachusetts"	19.6	57	23.4	68	
2016	"Alabaster, Alabama"	18.5	61	24.2	80	
2016	"Benton, Arkansas"	18.3	64	25.8	90	
2016	"Pacifica, California"	8.3	33	8.8	35	
2016	"Orange, New Jersey"	31.8	97	38.7	118	
2016	"Lee's Summit, Missouri"	14.5	139	20.1	193	
2016	"Temple Terrace, Florida"	19.3	50	25.4	66	
2016	"Derry Township, Dauphin County, Pennsylvania"	15.6	39	23.2	58	
2016	"Frisco, Texas"	10.2	166	15.2	247	
2016	"St. Louis Park, Minnesota"	10.9	53	13.7	67	
2016	"Chattanooga, Tennessee"	24.4	434	29.4	523	
2016	"Greer, South Carolina"	18.7	54	24.9	72	
2016	"Trumbull, Connecticut"	20.4	75	23.4	86	
2016	"Palm Springs, California"	18.4	88	26.5	127	
2016	"Peabody, Massachusetts"	17.5	92	21.1	111	
2016	"Savage, Minnesota"	10.3	32	12.9	40	
2016	"Fairfield, Ohio"	14.2	61	18.5	79	
2016	"Duluth, Georgia"	26.2	78	31.3	93	
2016	"Raleigh, North Carolina"	15.8	729	19	875	
2016	"Rocky Mount, North Carolina"	28.9	160	36.4	202	
2016	"Vacaville, California"	10.1	99	15.4	150	
2016	"Joliet, Illinois"	17.8	263	22.3	330	
2016	"Coral Springs, Florida"	14.7	193	22.1	290	
2016	"Glendale, Arizona"	17.2	419	22.3	542	
2016	"Kalamazoo, Michigan"	28.3	216	33.9	259	
2016	"Bartlesville, Oklahoma"	16.6	61	22.6	83	
2016	"Genoa Township, Ohio"	9.1	24	9.8	26	
2016	"Fort Lee, New Jersey"	24.5	90	29.9	110	
2016	"Egg Harbor Township, New Jersey"	19.3	85	25	110	
2016	"Perth Amboy, New Jersey"	22.6	119	27.3	144	
2016	"Kaysville, Utah"	8.4	26	9.3	29	
2016	"Deptford Township, New Jersey"	21.1	64	22.7	69	
2016	"Holland, Michigan"	16.8	57	19.2	65	
2016	"Vernon Hills, Illinois"	15.8	42	26.7	71	
2016	"Somerville, Massachusetts"	15.7	127	17.6	142	
2016	"Thornton, Colorado"	13.2	180	18	245	
2016	"Hackensack, New Jersey"	26.5	119	30.7	138	
2016	"Guilderland Town, New York"	10.2	35	14	48	
2016	"Benicia, California"	11.6	33	17.3	49	
2016	"Niagara Falls, New York"	32.3	157	36.6	178	
2016	"Tyler, Texas"	18.1	190	22.7	238	
2016	"Pueblo, Colorado"	17.7	195	22.7	250	
2016	"Dearborn Heights, Michigan"	14.9	83	17	95	
2016	"Bridgeport, Connecticut"	25.4	376	29.2	433	
2016	"Franklin, Wisconsin"	16.2	59	20.7	75	
2016	"Roswell, Georgia"	14.7	141	20.5	196	
2016	"Derry, New Hampshire"	15.3	51	19.2	64	
2016	"Auburn, Washington"	13.8	108	16.3	128	
2016	"Cibolo, Texas"	11.4	32	13.2	37	
2016	"Oakland, California"	17.6	750	24.6	"1,046"	
2016	"McMinnville, Oregon"	10.8	37	12.6	43	
2016	"West Des Moines, Iowa"	9.6	63	11.9	78	
2016	"Tracy, California"	9.7	85	14.3	126	
2016	"Vallejo, California"	9	110	12.3	150	
2016	"Temple, Texas"	19.6	144	24.2	178	
2016	"Lynn, Massachusetts"	19.6	181	21.6	200	
2016	"Hanover Park, Illinois"	14.6	56	21.1	81	
2016	"Richmond, Kentucky"	13.8	47	18	61	
2016	"Gulfport, Mississippi"	21.1	153	28.5	207	
2016	"Paterson, New Jersey"	26	383	32.5	478	
2016	"Hialeah, Florida"	10.9	260	13.5	324	
2016	"Elyria, Ohio"	14.7	79	17.5	94	
2016	"Corona, California"	9.5	158	13.5	225	
2016	"Brighton, Colorado"	16.4	63	22.9	88	
2016	"Grandview, Missouri"	20.1	51	23.6	60	
2016	"Bloomington, Minnesota"	13.5	118	17	148	
2016	"Longview, Texas"	20.8	172	22.5	186	
2016	"Fair Lawn, New Jersey"	17.5	59	21.4	72	
2016	"Colton, California"	8.3	46	13.1	72	
2016	"Newburgh Town, New York"	14.9	46	18.1	56	
2016	"Waxahachie, Texas"	17.3	59	22.3	76	
2016	"Weymouth, Massachusetts"	16.4	92	19.2	108	
2016	"Baldwin Park, California"	8.4	65	12.7	98	
2016	"Smyrna, Georgia"	15.7	90	22.2	127	
2016	"Flagstaff, Arizona"	14.3	102	21.1	150	
2016	"Brentwood, Tennessee"	13.6	58	17.1	73	
2016	"New Berlin, Wisconsin"	16.8	67	19.6	78	
2016	"Saginaw, Michigan"	10.8	53	12.5	61	
2016	"Old Bridge Township, New Jersey"	13.4	90	17.4	117	
2016	"White Bear Lake, Minnesota"	11	28	14.5	37	
2016	"Chandler, Arizona"	12.4	329	18.7	497	
2016	"Charleston, West Virginia"	33	163	37.8	187	
2016	"Minnetonka, Minnesota"	10	52	13.3	69	
2016	"Woonsocket, Rhode Island"	22.2	92	27.5	114	
2016	"Belmont, California"	10.9	30	16	44	
2016	"Fayetteville, North Carolina"	21.9	442	29.7	601	
2016	"El Cerrito, California"	15.9	40	18.6	47	
2016	"Newark, New Jersey"	39.5	"1,113"	49.1	"1,383"	
2016	"Ontario, California"	14.7	254	19.6	339	
2016	"Elk Grove, California"	7.5	128	12.4	211	
2016	"Hayward, California"	12	194	19.2	310	
2016	"Hillsborough Township, New Jersey"	13	52	16.2	65	
2016	"Greece Town, New York"	10.2	99	10.8	105	
2016	"Salisbury, North Carolina"	20.2	69	22.3	76	
2016	"Bowie, Maryland"	10.7	63	13.6	80	
2016	"Sandy Springs, Georgia"	11.8	127	13.4	144	
2016	"West Bend, Wisconsin"	16.7	53	22	70	
2016	"Bethel Park, Pennsylvania"	11.8	38	13.7	44	
2016	"University City, Missouri"	19.4	68	27.4	96	
2016	"Franklin, Tennessee"	17.1	128	18.6	139	
2016	"Newark, California"	12	55	16.8	77	
2016	"Wausau, Wisconsin"	18.4	72	20.7	81	
2016	"Fort Collins, Colorado"	12.5	206	17.7	292	
2016	"Evanston, Illinois"	21.9	166	30	227	
2016	"Cabot, Arkansas"	16.2	42	20.4	53	
2016	"Kenosha, Wisconsin"	19.9	199	20.8	208	
2016	"Lewisville, Texas"	14.1	149	20.7	219	
2016	"Woodland, California"	10.3	61	12.7	75	
2016	"Pensacola, Florida"	26.2	140	37.4	200	
2016	"Manchester, New Hampshire"	20.9	231	26.1	288	
2016	"Mansfield, Ohio"	17.6	82	24.9	116	
2016	"South San Francisco, California"	11.8	80	16.2	110	
2016	"Keizer, Oregon"	9.4	36	11.3	43	
2016	"West Bloomfield Township, Michigan"	10.6	70	15.6	103	
2016	"Manhattan Beach, California"	18.4	66	29.2	105	
2016	"Morgantown, West Virginia"	20.9	65	24.4	76	
2016	"Richland, Washington"	11.2	62	13.7	76	
2016	"Sherman, Texas"	14.8	61	20.2	83	
2016	"Monroeville, Pennsylvania"	15.6	44	18.8	53	
2016	"Moscow, Idaho"	13.8	35	17	43	
2016	"La Vergne, Tennessee"	15	53	18.7	66	
2016	"Suisun City, California"	7.1	21	11.1	33	
2016	"Muskogee, Oklahoma"	23.5	90	29	111	
2016	"Baton Rouge, Louisiana"	28.1	641	35.6	814	
2016	"Haverhill, Massachusetts"	14.6	92	16.5	104	
2016	"Bloomington, Illinois"	15.9	125	20.5	161	
2016	"Arvada, Colorado"	13.5	158	18.3	215	
2016	"Clearfield, Utah"	10.1	31	13.6	42	
2016	"Garden Grove, California"	9	159	12.4	218	
2016	"Stevens Point, Wisconsin"	16.5	44	18.1	48	
2016	"Mobile, Alabama"	19.8	496	29.4	736	
2016	"Springfield, Missouri"	20.4	344	24.8	418	
2016	"Gladstone, Missouri"	15.8	43	21.4	58	
2016	"Mount Juliet, Tennessee"	16.6	55	21.2	70	
2016	"Palo Alto, California"	11.7	79	20.4	137	
2016	"Orangetown Town, New York"	21.6	82	22.7	86	
2016	"Santa Paula, California"	9.7	30	12.3	38	
2016	"Oklahoma City, Oklahoma"	17.3	"1,113"	21.5	"1,381"	
2016	"The Colony, Texas"	13.5	58	20.7	89	
2016	"Ridgewood, New Jersey"	16.8	43	18	46	
2016	"Hickory, North Carolina"	25.5	103	34.1	138	
2016	"Bozeman, Montana"	13.9	62	15.6	70	
2016	"Dartmouth, Massachusetts"	20.2	70	25.4	88	
2016	"Dracut, Massachusetts"	12.3	39	14.2	45	
2016	"Glendale, California"	11.4	232	16.2	328	
2016	"Park Ridge, Illinois"	14.3	54	17.5	66	
2016	"Bountiful, Utah"	8.2	36	12	53	
2016	"Spokane Valley, Washington"	10.5	101	10.6	102	
2016	"Abington Township, Pennsylvania"	16.5	92	20.5	114	
2016	"Pekin, Illinois"	16.3	54	19.4	64	
2016	"Newton, Massachusetts"	16.7	149	21.9	195	
2016	"Petaluma, California"	9.5	58	13.5	82	
2016	"Albany, Georgia"	21.8	162	25	186	
2016	"Sparks, Nevada"	11.3	110	16	156	
2016	"Kingsport, Tennessee"	21.3	113	28.8	153	
2016	"Lawrence Township, New Jersey"	17.6	58	18.8	62	
2016	"South Gate, California"	8.2	79	12.2	118	
2016	"Littleton, Colorado"	14.8	70	20.1	95	
2016	"Wheaton, Illinois"	12.3	66	15.2	82	
2016	"Rome, Georgia"	24.5	89	26.7	97	
2016	"Meridian, Mississippi"	19.8	78	25.9	102	
2016	"Penn Hills, Pennsylvania"	12	50	12.7	53	
2016	"Florence, Alabama"	26.1	105	32.4	130	
2016	"Lawrenceville, Georgia"	22.6	70	30.4	94	
2016	"Rock Hill, South Carolina"	20.7	150	26.7	194	
2016	"Greenfield, Wisconsin"	15.2	57	20.1	75	
2016	"Westfield, New Jersey"	19.1	58	23.3	71	
2016	"Falmouth, Massachusetts"	17.5	55	18.8	59	
2016	"South Kingstown, Rhode Island"	16.8	52	22.7	70	
2016	"Sheboygan, Wisconsin"	16.8	82	20.7	101	
2016	"Hercules, California"	7.8	20	8.6	22	
2016	"Galloway Township, New Jersey"	15.8	59	21.7	81	
2016	"Randolph Township, New Jersey"	13.9	36	15.8	41	
2016	"Woodburn, Oregon"	13.4	34	16.5	42	
2016	"Meriden, Connecticut"	18.9	113	20.9	125	
2016	"Galt, California"	12.9	33	19.1	49	
2016	"Monroe Township, Middlesex County, New Jersey"	12.2	55	16	72	
2016	"Coventry, Rhode Island"	15.7	55	19.7	69	
2016	"Lakewood, Colorado"	17	263	27	417	
2016	"Enterprise, Alabama"	18.4	52	24.8	70	
2016	"Wyoming, Michigan"	11.5	87	13.4	102	
2016	"Lewiston, Idaho"	12.6	41	19.3	63	
2016	"Newington, Connecticut"	16.7	51	20.9	64	
2016	"Englewood, New Jersey"	29.3	84	38.4	110	
2016	"Groton Town, Connecticut"	19.7	59	21.4	64	
2016	"Danbury, Connecticut"	17.1	146	17.7	151	
2016	"Balch Springs, Texas"	14.1	36	20.8	53	
2016	"Hendersonville, Tennessee"	18.4	105	23.2	132	
2016	"Passaic, New Jersey"	21.7	154	25.4	180	
2016	"Kannapolis, North Carolina"	16.9	79	22.6	106	
2016	"Bedford, Texas"	15.3	76	25.3	126	
2016	"Dubuque, Iowa"	17.1	101	18.3	108	
2016	"Myrtle Beach, South Carolina"	68.7	219	94.2	300	
2016	"Reading, Massachusetts"	16.3	42	21.3	55	
2016	"Natick, Massachusetts"	15.2	56	18.8	69	
2016	"East Orange, New Jersey"	31.6	205	40.4	262	
2016	"Durham, North Carolina"	18.6	490	25.7	679	
2016	"Barberton, Ohio"	16	42	16.8	44	
2016	"Valparaiso, Indiana"	15.2	50	16.8	55	
2016	"Glastonbury, Connecticut"	16.4	57	21.6	75	
2016	"Manteca, California"	7.7	59	11.2	86	
2016	"Ardmore, Oklahoma"	20.1	51	27.7	70	
2016	"Merced, California"	10.7	89	15	125	
2016	"Wallingford, Connecticut"	15.4	69	20.1	90	
2016	"Shakopee, Minnesota"	11.6	47	13.8	56	
2016	"Hobbs, New Mexico"	23.9	94	32.5	128	
2016	"Puyallup, Washington"	13.9	56	19.2	77	
2016	"Annapolis, Maryland"	27.5	109	38.5	153	
2016	"Findlay, Ohio"	15.6	64	19.9	82	
2016	"Galveston, Texas"	28.2	143	35.3	179	
2016	"Blaine, Minnesota"	9.3	59	11.1	70	
2016	"Gainesville, Georgia"	24.9	98	28.2	111	
2016	"Allen, Texas"	11.9	120	17.7	179	
2016	"Asheville, North Carolina"	22.3	200	29.4	263	
2016	"Northglenn, Colorado"	15	60	19.8	79	
2016	"El Cajon, California"	11.6	121	17.1	179	
2016	"Roseville, Michigan"	14.5	69	15.1	72	
2016	"Great Falls, Montana"	14.7	88	21.8	130	
2016	"Midland, Michigan"	10.9	46	11.4	48	
2016	"Amarillo, Texas"	17.1	343	20.5	411	
2016	"Manchester Township, New Jersey"	15.6	68	19.8	86	
2016	"Exeter Township, Berks County, Pennsylvania"	11.2	29	12	31	
2016	"La Habra, California"	11	69	15.8	99	
2016	"Beaumont, Texas"	21.5	254	26.8	317	
2016	"Bay City, Michigan"	14.5	49	15.7	53	
2016	"Beavercreek, Ohio"	10.1	47	13.1	61	
2016	"Redding, California"	10.7	98	14.3	131	
2016	"Portage, Indiana"	18.2	67	20.2	74	
2016	"South Pasadena, California"	13.3	35	18.7	49	
2016	"Laredo, Texas"	18.2	473	21.1	546	
2016	"Ocean Township, Monmouth County, New Jersey"	22.5	61	27.3	74	
2016	"Morristown, Tennessee"	28.7	85	31.1	92	
2016	"Whitehall Township, Pennsylvania"	16.4	45	18.2	50	
2016	"Gastonia, North Carolina"	22.6	170	25.6	192	
2016	"Mundelein, Illinois"	16.1	51	22.1	70	
2016	"Commerce City, Colorado"	17.3	96	21.7	120	
2016	"Bullhead City, Arizona"	18	71	28.7	113	
2016	"Northville Township, Michigan"	9.3	27	13.2	38	
2016	"Duluth, Minnesota"	17.3	149	21.3	183	
2016	"De Kalb, Illinois"	14.4	62	17.9	77	
2016	"Burleson, Texas"	13.5	61	18.2	82	
2016	"Peoria, Arizona"	10.5	184	15.7	275	
2016	"Lafayette, Colorado"	13.4	38	16.9	48	
2016	"North Brunswick Township, New Jersey"	18.9	81	22.9	98	
2016	"Lower Paxton Township, Pennsylvania"	12.1	59	13.6	66	
2016	"Lake Charles, Louisiana"	23.8	183	24.2	186	
2016	"Bloomfield, New Jersey"	25.1	121	30.3	146	
2016	"Valdosta, Georgia"	24.2	135	28.1	157	
2016	"Riverhead Town, New York"	25.1	85	30.5	103	
2016	"Paramus, New Jersey"	32.3	87	40.1	108	
2016	"Anderson, South Carolina"	33.1	91	46.5	128	
2016	"Logan, Utah"	10.8	55	16.5	84	
2016	"Burlingame, California"	11.7	36	18.2	56	
2016	"Gillette, Wyoming"	15.4	51	23.5	78	
2016	"Chelsea, Massachusetts"	27.4	110	29.7	119	
2016	"Cambridge, Massachusetts"	24.9	277	29	322	
2016	"Chapel Hill, North Carolina"	17.3	104	21.2	127	
2016	"Fall River, Massachusetts"	24.7	218	30	265	
2016	"Yuma, Arizona"	18	170	27.2	258	
2016	"San Mateo, California"	10.6	111	14.1	148	
2016	"Lacey, Washington"	10.6	50	12.3	58	
2016	"Kirkland, Washington"	10.6	94	14.7	130	
2016	"Springfield, Massachusetts"	27.2	419	33.9	523	
2016	"Evesham Township, New Jersey"	16.7	76	18.6	85	
2016	"Mount Prospect, Illinois"	15	82	18.6	102	
2016	"Wichita Falls, Texas"	19	199	27.1	284	
2016	"Pleasant Grove, Utah"	6.9	27	9	35	
2016	"Albany, New York"	34.1	336	43.9	433	
2016	"Salt Lake City, Utah"	22.4	435	27.9	542	
2016	"Pullman, Washington"	8.7	29	12	40	
2016	"Long Beach, New York"	20.2	68	25.3	85	
2016	"Renton, Washington"	11.5	117	14.3	146	
2016	"Knoxville, Tennessee"	20.2	377	24.9	465	
2016	"Cathedral City, California"	9	49	13.6	74	
2016	"Franklin Township, New Jersey"	15.6	104	18.6	124	
2016	"Needham, Massachusetts"	15	46	17.9	55	
2016	"Tucson, Arizona"	16.3	870	21.9	"1,168"	
2016	"Leander, Texas"	10.6	43	14.8	60	
2016	"Margate, Florida"	18.1	105	24.1	140	
2016	"Arlington Heights, Illinois"	14.2	108	17.9	136	
2016	"Toms River Township, New Jersey"	17.7	160	20.7	187	
2016	"Horsham Township, Pennsylvania"	15	40	17.6	47	
2016	"Hempstead Village, New York"	21.1	118	25.1	140	
2016	"West Covina, California"	8.5	93	14.3	156	
2016	"Menlo Park, California"	13.9	47	19.9	67	
2016	"Florissant, Missouri"	16.3	85	20.7	108	
2016	"Carrollton, Georgia"	23.7	63	28.6	76	
2016	"Antioch, California"	8.5	95	11	123	
2016	"Allentown, Pennsylvania"	18.2	220	19.9	240	
2016	"Washington Township, Gloucester County, New Jersey"	16.2	77	17.7	84	
2016	"Tallahassee, Florida"	19.4	372	22.8	437	
2016	"Shelby Township, Michigan"	8.4	66	10.8	85	
2016	"Rockwall, Texas"	18.4	80	23	100	
2016	"Cedar Hill, Texas"	13	64	17.7	87	
2016	"West Milford Township, New Jersey"	16.5	44	19.1	51	
2016	"Albany, Oregon"	11.6	61	16.9	89	
2016	"Newtown, Connecticut"	15.7	44	17.1	48	
2016	"Waukesha, Wisconsin"	16.3	118	20.8	150	
2016	"South Brunswick Township, New Jersey"	17.4	80	23.1	106	
2016	"Helena, Montana"	15.5	48	22.5	70	
2016	"Tacoma, Washington"	16	336	17.7	371	
2016	"Edwardsville, Illinois"	16.7	42	22.3	56	
2016	"Buffalo, New York"	26.9	693	35	900	
2016	"Greenville, North Carolina"	19.4	178	24.2	222	
2016	"Sierra Vista, Arizona"	16.3	70	21.9	94	
2016	"Montclair, New Jersey"	27.3	104	31.8	121	
2016	"Hobart, Indiana"	22	62	25.2	71	
2016	"Clermont, Florida"	19.6	65	21.4	71	
2016	"Lynnwood, Washington"	18.8	70	27.4	102	
2016	"Cape Coral, Florida"	12.3	221	17	306	
2016	"Clinton Township, Michigan"	9.3	93	10.1	102	
2016	"Danville, Virginia"	29.7	124	31.7	132	
2016	"Miami Township, Montgomery County, Ohio"	13	38	15.4	45	
2016	"Carlsbad, California"	9	103	13	150	
2016	"Iowa City, Iowa"	10.6	80	13.6	103	
2016	"Doral, Florida"	20.2	118	27.1	158	
2016	"Walnut Creek, California"	12.2	85	16.9	118	
2016	"Norwalk, Connecticut"	19.9	177	24.4	217	
2016	"Round Rock, Texas"	13.2	158	19	227	
2016	"Killeen, Texas"	17.6	252	24.6	353	
2016	"North Bergen Township, New Jersey"	19	120	20.6	130	
2016	"Long Branch, New Jersey"	26.5	82	33.3	103	
2016	"Rocklin, California"	8.9	55	12.7	79	
2016	"Manchester, Connecticut"	17.9	104	23.3	135	
2016	"Vineland, New Jersey"	21.7	132	25.8	157	
2016	"Miramar, Florida"	14.5	203	19.4	272	
2016	"Davie, Florida"	17.9	184	24.1	248	
2016	"Maricopa, Arizona"	13.1	65	17.3	86	
2016	"Goldsboro, North Carolina"	24.8	89	28.2	101	
2016	"San Jose, California"	9	939	13	"1,352"	
2016	"Bristol, Connecticut"	19.5	118	23.7	143	
2016	"Hanford, California"	9.5	53	13.8	77	
2016	"Henderson, Kentucky"	20.8	60	28	81	
2016	"Azusa, California"	11.3	57	18.7	94	
2016	"LaGrange, Georgia"	27.2	84	32.3	100	
2016	"Spanish Fork, Utah"	8.3	32	9.6	37	
2016	"Lower Merion Township, Pennsylvania"	22.5	131	25.1	146	
2016	"Topeka, Kansas"	22.2	282	26.3	334	
2016	"Columbia, Tennessee"	22.8	85	26.1	97	
2016	"Pomona, California"	10	154	16.9	261	
2016	"McCandless, Pennsylvania"	9.7	28	10.4	30	
2016	"Atlantic City, New Jersey"	70.9	278	101.3	397	
2016	"Moline, Illinois"	18.6	79	23	98	
2016	"Los Angeles, California"	24.6	"9,850"	31.7	"12,692"	
2016	"Folsom, California"	9.1	70	12.3	95	
2016	"Kenner, Louisiana"	24.9	167	34.5	232	
2016	"Rome, New York"	22.9	74	23.5	76	
2016	"Sun Prairie, Wisconsin"	15.8	52	20.9	69	
2016	"Houma, Louisiana"	23.5	81	28.5	98	
2016	"North Charleston, South Carolina"	29.6	327	35.7	394	
2016	"Marietta, Georgia"	23	137	29.4	175	
2016	"Pittsfield, Massachusetts"	22.3	96	26.5	114	
2016	"Lauderdale Lakes, Florida"	11.1	39	11.6	41	
2016	"Austin, Texas"	18.9	"1,807"	24.7	"2,361"	
2016	"Nutley Township, New Jersey"	25.8	74	30	86	
2016	"Stratford, Connecticut"	18.9	100	20.2	107	
2016	"Bristol, Tennessee"	25.9	69	33	88	
2016	"Pleasant Hill, California"	11.7	41	16.2	57	
2016	"Tamarac, Florida"	12.4	81	15.1	99	
2016	"Saratoga Springs, Utah"	11.4	31	15.1	41	
2016	"Bell, California"	9.1	33	12.4	45	
2016	"Milton, Georgia"	9.6	37	10.6	41	
2016	"Southgate, Michigan"	12.3	36	13.7	40	
2016	"Inglewood, California"	15.6	175	19.5	219	
2016	"Wheat Ridge, Colorado"	23.9	75	32.5	102	
2016	"Monroe, North Carolina"	23.4	82	27.2	95	
2016	"Bayonne, New Jersey"	27.3	182	42.6	284	
2016	"Mount Vernon, New York"	27.9	192	37.9	261	
2016	"Brownstown Township, Michigan"	10.4	32	12.6	39	
2016	"Pittsburg, California"	10.9	77	13.6	96	
2016	"Homestead, Florida"	16.5	112	22.5	152	
2016	"Conway, Arkansas"	19.1	126	25.1	166	
2016	"Beloit, Wisconsin"	17.6	65	20.9	77	
2016	"Quincy, Illinois"	17.2	70	20.3	83	
2016	"Buffalo Grove, Illinois"	15.2	63	17.8	74	
2016	"Hillsboro, Oregon"	12.7	133	17.7	185	
2016	"Thomasville, North Carolina"	24.3	66	26.6	72	
2016	"Long Beach, California"	16.9	806	24.6	"1,173"	
2016	"Wenatchee, Washington"	11.2	38	13.9	47	
2016	"Santa Maria, California"	10.5	111	15.6	166	
2016	"Northampton Township, Pennsylvania"	10.4	41	11.9	47	
2016	"Milwaukee, Wisconsin"	31.5	"1,889"	38.8	"2,328"	
2016	"Toledo, Ohio"	21.3	592	23.4	652	
2016	"Worcester, Massachusetts"	23.6	435	26.3	485	
2016	"Lexington, Massachusetts"	14	47	18.1	61	
2016	"Wilmington, North Carolina"	22.1	260	28.1	331	
2016	"Urbandale, Iowa"	11.3	51	13.1	59	
2016	"Maple Valley, Washington"	7.2	19	9.1	24	
2016	"Lufkin, Texas"	20.5	75	27.1	99	
2016	"Fitchburg, Massachusetts"	19.3	78	23.3	94	
2016	"Waco, Texas"	18	241	25	334	
2016	"Aiken, South Carolina"	27.9	86	37	114	
2016	"Concord, North Carolina"	18.6	166	21.7	194	
2016	"Yonkers, New York"	30.3	613	34.4	696	
2016	"Farmington Hills, Michigan"	12.2	100	16.8	137	
2016	"Milford, Connecticut"	21.6	116	25.7	138	
2016	"Fremont, California"	7.6	180	12	282	
2016	"Hoboken, New Jersey"	23.3	126	26.8	145	
2016	"Schertz, Texas"	13	51	18.4	72	
2016	"Frederick, Maryland"	21	148	26.5	186	
2016	"Las Vegas Metropolitan Police, Nevada"	20.9	"3,326"	30.5	"4,855"	
2016	"North Providence, Rhode Island"	18.7	61	24	78	
2016	"Bismarck, North Dakota"	15.7	115	19.8	145	
2016	"Porterville, California"	10.6	60	15.2	86	
2016	"Santa Fe, New Mexico"	19.6	166	25.2	213	
2016	"Minneapolis, Minnesota"	20.3	847	24.4	"1,018"	
2016	"Paso Robles, California"	9.7	31	13.8	44	
2016	"Coral Gables, Florida"	30.8	160	44.1	229	
2016	"White Lake Township, Michigan"	8.4	26	11.6	36	
2016	"Garden City, Michigan"	10.5	28	11.2	30	
2016	"Lower Makefield Township, Pennsylvania"	11.6	38	12.8	42	
2016	"Virginia Beach, Virginia"	17.2	779	21	951	
2016	"Fort Lauderdale, Florida"	28	508	36.5	662	
2016	"Evansville, Indiana"	23.4	281	25.4	305	
2016	"Sandusky, Ohio"	18.7	47	19.5	49	
2016	"Frankfort, Kentucky"	20.1	56	21.1	59	
2016	"Spartanburg, South Carolina"	30.2	115	36.2	138	
2016	"Colonie Town, New York"	13.9	111	18.7	150	
2016	"Urbana, Illinois"	12.7	54	16	68	
2016	"High Point, North Carolina"	19.9	222	24	268	
2016	"Florence, Arizona"	9.3	29	11.9	37	
2016	"Edison Township, New Jersey"	17.2	177	22	226	
2016	"Pocatello, Idaho"	16.2	88	23.3	127	
2016	"Milpitas, California"	10.6	85	13.6	109	
2016	"Shawnee, Oklahoma"	16.5	52	23.8	75	
2016	"Huntington Park, California"	8.5	51	14.4	86	
2016	"Fountain, Colorado"	18.1	51	22.1	62	
2016	"Berkeley, California"	14.3	175	21.4	263	
2016	"New London, Connecticut"	28.4	77	34	92	
2016	"Rexburg, Idaho"	11.4	32	14.2	40	
2016	"Springdale, Arkansas"	17.9	142	25.2	200	
2016	"Germantown, Tennessee"	25.4	100	31.3	123	
2016	"Los Gatos, California"	12	37	17.4	54	
2016	"Bradenton, Florida"	21.3	118	26.1	145	
2016	"Kansas City, Missouri"	28.3	"1,356"	39.2	"1,875"	
2016	"Grand Rapids, Michigan"	14	276	17	335	
2016	"Bethlehem, Pennsylvania"	19.8	148	19.8	148	
2016	"Douglasville, Georgia"	29.1	97	36.7	122	
2016	"Greenburgh Town, New York"	24.5	112	30.6	140	
2016	"Minot, North Dakota"	15.8	81	21.1	108	
2016	"Newport Beach, California"	16	140	26.1	228	
2016	"Mahwah Township, New Jersey"	19.6	52	22.6	60	
2016	"Utica, New York"	26.8	163	29.6	180	
2016	"Mercer Island, Washington"	12.1	31	13.7	35	
2016	"Ormond Beach, Florida"	14.8	61	19.8	82	
2016	"Bartlett, Tennessee"	20.4	120	26.3	155	
2016	"Union City, New Jersey"	23.4	162	35.9	249	
2016	"Flower Mound, Texas"	11.2	81	16.7	121	
2016	"Desert Hot Springs, California"	8.4	24	10.5	30	
2016	"Simi Valley, California"	9.6	122	13.9	177	
2016	"Stow, Ohio"	11.2	39	13.5	47	
2016	"Manassas, Virginia"	21.8	92	28.2	119	
2016	"Olympia, Washington"	13.1	67	18.6	95	
2016	"DeLand, Florida"	18.1	56	24	74	
2016	"Asheboro, North Carolina"	27.1	71	30.1	79	
2016	"North Little Rock, Arkansas"	26.4	178	31.9	215	
2016	"Deerfield Beach, Florida"	15.1	122	16.4	132	
2016	"Arlington, Massachusetts"	14.7	66	18.7	84	
2016	"Conroe, Texas"	16.6	118	22.8	162	
2016	"Mission, Texas"	17.5	148	22.9	193	
2016	"Chino, California"	12.3	107	18.3	159	
2016	"Battle Creek, Michigan"	17.9	109	20.5	125	
2016	"Lebanon, Tennessee"	23.8	74	29.9	93	
2016	"Menomonee Falls, Wisconsin"	15.7	57	20.2	73	
2016	"West Valley, Utah"	13.9	191	16.8	231	
2016	"Novato, California"	10	56	14.2	80	
2016	"North Miami, Florida"	18.1	114	25.4	160	
2016	"White Plains, New York"	32.5	191	34.2	201	
2016	"Wilson, North Carolina"	21.9	109	24.9	124	
2016	"Eau Claire, Wisconsin"	14.5	99	19.7	134	
2016	"Sunnyvale, California"	13.6	209	18	278	
2016	"Casper, Wyoming"	15.2	93	21	129	
2016	"Key West, Florida"	35.4	92	45.4	118	
2016	"Scottsdale, Arizona"	16.6	401	26.3	633	
2016	"Cheshire, Connecticut"	16.1	47	20.2	59	
2016	"Bloomfield Township, Michigan"	12.8	54	17.5	74	
2016	"Oxnard, California"	10.9	227	16.1	337	
2016	"Orem, Utah"	8.9	85	12.1	116	
2016	"Blacksburg, Virginia"	13.7	61	15.9	71	
2016	"Ankeny, Iowa"	9.1	54	10.5	62	
2016	"Newport News, Virginia"	22.6	410	30.1	547	
2016	"Delhi Township, Ohio"	10.1	30	10.8	32	
2016	"Spring Valley Village, New York"	15.5	51	17.7	58	
2016	"Upper Merion Township, Pennsylvania"	22.3	64	27.9	80	
2016	"Richardson, Texas"	13.7	155	21.9	248	
2016	"Warner Robins, Georgia"	14	104	19.6	146	
2016	"Houston, Texas"	22.2	"5,182"	28.4	"6,632"	
2016	"Statesboro, Georgia"	19.6	61	25.7	80	
2016	"Maplewood, Minnesota"	12.2	50	13.4	55	
2016	"Irvine, California"	8	213	11.3	301	
2016	"Bolingbrook, Illinois"	14.6	109	16.7	124	
2016	"Jacksonville, North Carolina"	17.2	115	21.4	143	
2016	"Downers Grove, Illinois"	14.2	71	19.6	98	
2016	"Middletown Township, New Jersey"	17	112	20.5	135	
2016	"Bowling Green, Ohio"	11.8	37	16.6	52	
2016	"Modesto, California"	10.1	214	14.1	300	
2016	"Paragould, Arkansas"	17	48	20.9	59	
2016	"Ridgefield, Connecticut"	16.6	42	18.9	48	
2016	"Goose Creek, South Carolina"	15.2	63	21.7	90	
2016	"East Haven, Connecticut"	18	52	19.4	56	
2016	"St. Cloud, Minnesota"	15.6	105	19.6	132	
2016	"Freehold Township, New Jersey"	18.2	65	19.3	69	
2016	"Indianapolis, Indiana"	18.6	"1,612"	20.8	"1,806"	
2016	"Williamsport, Pennsylvania"	17.5	51	18.9	55	
2016	"Poughkeepsie Town, New York"	20.4	80	23.2	91	
2016	"Mooresville, North Carolina"	21.7	79	26.9	98	
2016	"Pittsfield Township, Michigan"	10.3	40	14.7	57	
2016	"Texarkana, Texas"	23.2	87	26.4	99	
2016	"Fort Pierce, Florida"	24	108	29.6	133	
2016	"Flint, Michigan"	10.6	103	12	117	
2016	"Nashville Metropolitan, Tennessee"	20.9	"1,398"	25.5	"1,708"	
2016	"San Antonio, Texas"	14.4	"2,152"	18.8	"2,819"	
2016	"Beaumont, California"	8.4	38	12.4	56	
2016	"Mount Lebanon, Pennsylvania"	13.8	45	16.5	54	
2016	"Springettsbury Township, Pennsylvania"	11.9	32	13	35	
2016	"Port Chester Village, New York"	20.5	61	21.2	63	
2016	"South Windsor, Connecticut"	14.7	38	20.2	52	
2016	"Jamestown, New York"	19.7	59	22.8	68	
2016	"Broken Arrow, Oklahoma"	12.8	138	17.4	188	
2016	"Rialto, California"	10.1	105	13.7	142	
2016	"Kettering, Ohio"	13.2	73	17.9	99	
2016	"American Fork/Cedar Hills, Utah"	9	35	10.8	42	
2016	"Carmel Town, New York"	9	31	11.1	38	
2016	"Northern Regional, Pennsylvania"	8.3	29	8.9	31	
2016	"Corpus Christi, Texas"	13.5	444	19.1	625	
2016	"Prattville, Alabama"	23.3	83	25.8	92	
2016	"Woodbury, Minnesota"	9.7	67	11.4	79	
2016	"Wayne Township, New Jersey"	20.7	114	25.6	141	
2016	"Shawnee, Kansas"	13.6	89	16.6	109	
2016	"Little Elm, Texas"	11.3	47	12.3	51	
2016	"Union Township, New Jersey"	22.9	133	31.3	182	
2016	"Cedar City, Utah"	11.8	36	13.1	40	
2016	"Elmhurst, Illinois"	14.5	67	19.2	89	
2016	"York, Pennsylvania"	23.9	105	27.3	120	
2016	"Pemberton Township, New Jersey"	13.7	38	15.5	43	
2016	"Williston, North Dakota"	16.7	50	23.1	69	
2016	"Florence, South Carolina"	24	92	31.3	120	
2016	"Matthews, North Carolina"	17.5	55	21.7	68	
2016	"Castle Rock, Colorado"	12.1	69	16.3	93	
2016	"Apache Junction, Arizona"	14.8	57	22.6	87	
2016	"West Jordan, Utah"	9.9	112	12.9	146	
2016	"Tooele, Utah"	11.4	38	14.6	49	
2016	"Spokane, Washington"	14.3	307	18.7	400	
2016	"Midwest City, Oklahoma"	15.9	92	21.6	125	
2016	"Lacey Township, New Jersey"	15.1	43	20	57	
2016	"Santa Barbara, California"	15.1	140	22.2	205	
2016	"Montgomery Township, Pennsylvania"	13.7	36	17.1	45	
2016	"North Lauderdale, Florida"	11.5	51	13.1	58	
2016	"Lakewood Township, New Jersey"	12.1	121	15.3	153	
2016	"Marana, Arizona"	20.6	88	27.1	116	
2016	"Wheeling, Illinois"	15.7	60	24.9	95	
2016	"Kyle, Texas"	9.1	34	15.8	59	
2016	"Copperas Cove, Texas"	13.5	45	20.2	67	
2016	"Torrance, California"	14	208	20.7	309	
2016	"East Chicago, Indiana"	33	94	35.4	101	
2016	"Twin Falls, Idaho"	14.8	71	21.2	102	
2016	"San Rafael, California"	10.9	65	14.5	86	
2016	"Lake Jackson, Texas"	15.9	44	21.3	59	
2016	"Oregon City, Oregon"	12.3	45	14.3	52	
2016	"Daytona Beach, Florida"	33.3	218	38.2	250	
2016	"Ceres, California"	9.5	46	12.8	62	
2016	"Kennesaw, Georgia"	17	58	21.9	75	
2016	"Bellevue, Washington"	12.3	175	15.1	215	
2016	"Dunwoody, Georgia"	11	54	13	64	
2016	"Braintree, Massachusetts"	20.4	77	24.4	92	
2016	"Kankakee, Illinois"	25.7	68	27.2	72	
2016	"Rogers, Arkansas"	15.2	98	21.5	139	
2016	"Torrington, Connecticut"	21.9	76	25.1	87	
2016	"Upper Dublin Township, Pennsylvania"	15.2	40	17.5	46	
2016	"Lake Stevens, Washington"	8.6	27	10.5	33	
2016	"Winslow Township, New Jersey"	18.6	72	20.4	79	
2016	"Woodbridge Township, New Jersey"	19	194	24.7	252	
2016	"Waterloo, Iowa"	18.1	124	19.4	133	
2016	"Hampden Township, Pennsylvania"	8.4	25	8.8	26	
2016	"Norman, Oklahoma"	14.4	176	19.4	237	
2016	"Clovis, California"	9.4	100	15.3	162	
2016	"Woodstock, Georgia"	16	50	17.6	55	
2016	"Claremont, California"	10.1	37	16.7	61	
2016	"Richmond, California"	16	177	21.8	242	
2016	"Medford, Massachusetts"	18	103	18.3	105	
2016	"Sacramento, California"	13.2	652	19.3	954	
2016	"Cicero, Illinois"	17.9	150	21	176	
2016	"Edina, Minnesota"	10.1	51	14.2	72	
2016	"Normal, Illinois"	14.8	81	17	93	
2016	"Santa Clara, California"	11.2	144	16.8	215	
2016	"Brighton Town, New York"	10.3	38	11.9	44	
2016	"Jonesboro, Arkansas"	20.6	155	24.2	182	
2016	"Lowell, Massachusetts"	21.5	239	30.3	336	
2016	"Ballwin, Missouri"	15.7	48	19.3	59	
2016	"Hot Springs, Arkansas"	28.6	102	36.4	130	
2016	"Londonderry, New Hampshire"	22	56	27.5	70	
2016	"St. Peters, Missouri"	15.4	89	19.5	113	
2016	"Revere, Massachusetts"	18.3	98	20	107	
2016	"Huntersville, North Carolina"	15.8	85	16.9	91	
2016	"Tuscaloosa, Alabama"	27.4	274	35.2	352	
2016	"Burbank, California"	14.6	154	22.1	234	
2016	"La Mesa, California"	11.2	68	16	97	
2016	"Lakeville, Minnesota"	8.9	55	10.4	64	
2016	"Ridley Township, Pennsylvania"	10.3	32	11.9	37	
2016	"New Rochelle, New York"	18.9	152	26.2	211	
2016	"West Fargo, North Dakota"	14.4	51	17.2	61	
2016	"Wethersfield, Connecticut"	18.2	48	23.2	61	
2016	"Orland Park, Illinois"	16.6	98	21	124	
2016	"Union Township, Clermont County, Ohio"	10	48	12.9	62	
2016	"West Haven, Connecticut"	22.4	123	25.2	138	
2016	"DeWitt Town, New York"	17.2	44	18.7	48	
2016	"Billings, Montana"	13.3	148	15.8	176	
2016	"Vancouver, Washington"	11	193	13.4	235	
2016	"Bettendorf, Iowa"	12.5	45	14.5	52	
2016	"Warwick, Rhode Island"	20.5	167	26.8	218	
2016	"Bossier City, Louisiana"	23.2	161	28.8	200	
2016	"Burlington, Iowa"	16.9	43	18.5	47	
2016	"Kirkwood, Missouri"	21.9	61	27	75	
2016	"Mount Pleasant, Michigan"	11.1	29	13.4	35	
2016	"Missouri City, Texas"	13.5	102	17.3	131	
2016	"Longview, Washington"	15.7	58	18.7	69	
2016	"Prior Lake, Minnesota"	9.7	25	10.9	28	
2016	"Titusville, Florida"	18.8	86	26.9	123	
2016	"Decatur, Illinois"	21.7	158	26	189	
2016	"Saugus, Massachusetts"	20.6	58	25.6	72	
2016	"Salem, Oregon"	11.4	190	18.7	312	
2016	"Clarkstown Town, New York"	19.1	157	22	181	
2016	"West Seneca Town, New York"	14.9	68	17.7	81	
2016	"Phoenix, Arizona"	17.4	"2,762"	23.4	"3,706"	
2016	"East Palo Alto, California"	11	33	13.4	40	
2016	"Georgetown, Texas"	11.9	80	17.3	117	
2016	"Willingboro Township, New Jersey"	20.8	65	24	75	
2016	"Carbondale, Illinois"	25.4	67	31.5	83	
2016	"Roswell, New Mexico"	16.3	79	21.2	103	
2016	"Portage, Michigan"	11.1	54	15.2	74	
2016	"Bakersfield, California"	10.3	390	14	530	
2016	"Elizabeth, New Jersey"	22.7	293	30.1	388	
2016	"SeaTac, Washington"	15.1	43	21.1	60	
2016	"Plano, Texas"	12.1	350	17.8	512	
2016	"Murrieta, California"	8	89	11.5	128	
2016	"Apex, North Carolina"	15.6	74	19.2	91	
2016	"Bremerton, Washington"	13.8	55	16.8	67	
2016	"Brunswick, Ohio"	11.5	40	15.2	53	
2016	"Seaside, California"	10.6	37	13.2	46	
2016	"Yukon, Oklahoma"	16.2	43	23	61	
2016	"Socorro, Texas"	8.7	29	12.3	41	
2016	"Southampton Town, New York"	18.4	94	24.6	126	
2016	"Chico, California"	9.4	86	15	137	
2016	"Norfolk, Virginia"	29.2	718	33	811	
2016	"Dublin, Ohio"	13.7	63	19.8	91	
2016	"Salem, New Hampshire"	21.8	63	26.6	77	
2016	"Chesapeake, Virginia"	16.4	387	21.2	501	
2016	"Keller, Texas"	10.2	48	17.9	84	
2016	"Cleburne, Texas"	17.3	52	23.3	70	
2016	"Rahway, New Jersey"	24.5	73	27.5	82	
2016	"West Orange, New Jersey"	20.5	97	23.4	111	
2016	"Cincinnati, Ohio"	35.2	"1,051"	43.2	"1,292"	
2016	"Seguin, Texas"	19.8	56	27.5	78	
2016	"North Miami Beach, Florida"	23.9	106	31.5	140	
2016	"Arcadia, California"	11.2	66	15.5	91	
2016	"Hamden, Connecticut"	17.7	108	22.1	135	
2016	"Bangor, Maine"	23.6	76	28.5	92	
2016	"Medina, Ohio"	13.7	36	17.5	46	
2016	"Elk Grove Village, Illinois"	26.8	89	31.6	105	
2016	"Chester, Pennsylvania"	27.3	93	30.2	103	
2016	"Ames, Iowa"	7.8	52	11.5	76	
2016	"Redford Township, Michigan"	11.9	56	13.8	65	
2016	"Fairfield, California"	10	114	14.8	169	
2016	"Leesburg, Virginia"	12.8	68	15.7	83	
2016	"Winter Springs, Florida"	14.5	51	18.5	65	
2016	"Greenwich, Connecticut"	24	151	28.3	178	
2016	"Quincy, Massachusetts"	22.5	210	25.5	238	
2016	"Miami, Florida"	26.7	"1,201"	34.7	"1,559"	
2016	"Fort Myers, Florida"	23.4	179	31.1	238	
2016	"Boulder, Colorado"	16.1	176	24.5	267	
2016	"Hagerstown, Maryland"	24.9	101	28.1	114	
2016	"Lake Oswego, Oregon"	10.8	42	17	66	
2016	"Suffolk, Virginia"	20.6	182	27.5	243	
2016	"Chaska, Minnesota"	9.8	25	11	28	
2016	"Kearney, Nebraska"	16.7	56	20.6	69	
2016	"Waukegan, Illinois"	17	150	21.4	189	
2016	"Round Lake Beach, Illinois"	13.3	37	13.7	38	
2016	"Paradise, California"	7.2	19	12.4	33	
2016	"Lower Providence Township, Pennsylvania"	11.8	31	12.5	33	
2016	"Poughkeepsie, New York"	30.1	91	41.3	125	
2016	"Middletown, New York"	23.1	64	27	75	
2016	"Zionsville, Indiana"	10.8	29	11.2	30	
2016	"West Hartford, Connecticut"	20.3	128	23.2	146	
2016	"Southfield, Michigan"	16.5	121	20.4	150	
2016	"Clarksville, Tennessee"	18.5	282	22.8	348	
2016	"Garden City, Kansas"	22.9	62	33.7	91	
2016	"Surprise, Arizona"	9.7	127	13.9	181	
2016	"University Park, Texas"	15.5	39	21.1	53	
2016	"Ocoee, Florida"	17	77	19.6	89	
2016	"Wallkill Town, New York"	13.7	39	14	40	
2016	"Pearland, Texas"	14.3	161	19.1	215	
2016	"Portsmouth, Virginia"	24.1	231	32.6	312	
2016	"San Angelo, Texas"	15.9	162	18.9	193	
2016	"Waterbury, Connecticut"	25.1	272	29.1	316	
2016	"Bristol Township, Pennsylvania"	11.3	61	12.6	68	
2016	"Franklin, Massachusetts"	13.8	46	16.2	54	
2016	"Alton, Illinois"	21.6	58	28	75	
2016	"Meridian, Idaho"	9.8	92	12.2	115	
2016	"Parkland, Florida"	12.7	40	14.3	45	
2016	"Hutchinson, Kansas"	17.4	72	26.3	109	
2016	"Lima, Ohio"	22.3	84	27	102	
2016	"Voorhees Township, New Jersey"	16.8	49	19.8	58	
2016	"Barnstable, Massachusetts"	25.7	113	29.1	128	
2016	"Turlock, California"	10.7	78	16	117	
2016	"Cary, North Carolina"	11.2	185	13.5	223	
2016	"South Portland, Maine"	20.6	53	23	59	
2016	"Belleville, New Jersey"	30.6	111	33.1	120	
2016	"Palm Bay, Florida"	14.2	155	19.5	212	
2016	"Peachtree City, Georgia"	17.8	63	19.2	68	
2016	"New Bedford, Massachusetts"	27	255	31.4	297	
2016	"Winchester, Virginia"	26.3	72	35.1	96	
2016	"Huntington, West Virginia"	21.6	105	23.9	116	
2016	"Chicopee, Massachusetts"	23.2	132	23.9	136	
2016	"Texarkana, Arkansas"	26.3	80	34.2	104	
2016	"Hartford, Connecticut"	32.2	398	34.8	430	
2016	"Los Banos, California"	9.8	37	16.4	62	
2016	"Reno, Nevada"	12.7	311	15.3	375	
2016	"Hoffman Estates, Illinois"	16.9	88	19.7	103	
2016	"Aventura, Florida"	21	80	31.3	119	
2016	"Detroit, Michigan"	35.1	"2,350"	42.6	"2,855"	
2016	"Stroud Area Regional, Pennsylvania"	15.2	52	17.2	59	
2016	"Mount Pleasant, Wisconsin"	18.3	48	20.2	53	
2016	"Fresno, California"	14.3	748	19.3	"1,013"	
2016	"Shrewsbury, Massachusetts"	12.2	45	15.5	57	
2016	"Wauwatosa, Wisconsin"	18.2	87	23.7	113	
2016	"Westland, Michigan"	9.9	81	13.1	107	
2016	"Draper, Utah"	8.2	39	9.9	47	
2016	"Santa Cruz, California"	14.3	93	17.7	115	
2016	"Pleasanton, California"	9.5	77	13.5	110	
2016	"Reedley, California"	10.5	27	15.5	40	
2016	"Rosenberg, Texas"	19.3	70	25.3	92	
2016	"Brookhaven, Georgia"	14.7	77	16.2	85	
2016	"Santa Rosa, California"	9.8	172	14.2	251	
2016	"Nashua, New Hampshire"	19.7	174	26.6	235	
2016	"West Palm Beach, Florida"	25.7	278	33.8	365	
2016	"Del Rio, Texas"	16.6	60	21	76	
2016	"Burlington, Vermont"	22.6	96	31.6	134	
2016	"Troy, New York"	25.3	126	27.9	139	
2016	"Grand Junction, Colorado"	18.3	111	32.5	197	
2016	"Altoona, Pennsylvania"	13.5	61	15.3	69	
2016	"Haltom City, Texas"	15.9	71	18.9	84	
2016	"Gallatin, Tennessee"	20.2	71	26.2	92	
2016	"Seattle, Washington"	19.8	"1,384"	27.8	"1,946"	
2016	"Wakefield, Massachusetts"	16.6	45	17	46	
2016	"St. Petersburg, Florida"	21.1	548	29.2	759	
2016	"Canton, Georgia"	17.3	45	19.2	50	
2016	"Shreveport, Louisiana"	26.7	524	36.2	711	
2016	"Naugatuck, Connecticut"	18.1	57	21.6	68	
2016	"Centennial, Colorado"	12.3	137	15.3	171	
2016	"Pembroke Pines, Florida"	12.9	218	17.6	298	
2016	"North Ridgeville, Ohio"	11.5	38	14.2	47	
2016	"Lubbock, Texas"	15.5	392	20.8	526	
2016	"Owensboro, Kentucky"	15.2	90	22.9	136	
2016	"Atlanta, Georgia"	35.8	"1,694"	45.3	"2,140"	
2016	"Eugene, Oregon"	11.4	188	19.6	323	
2016	"El Paso, Texas"	14.7	"1,013"	18	"1,236"	
2016	"Methuen, Massachusetts"	18.6	93	22.2	111	
2016	"Saratoga Springs, New York"	26.1	73	30.7	86	
2016	"Corvallis, Oregon"	10	56	16.1	90	
2016	"Tampa, Florida"	25.3	951	32.2	"1,212"	
2016	"Burlington, North Carolina"	22.9	121	30.5	161	
2016	"Alamogordo, New Mexico"	18.2	56	24.7	76	
2016	"Cheektowaga Town, New York"	16.1	126	20.7	162	
2016	"Trenton, New Jersey"	29.4	246	45.6	381	
2016	"Superior, Wisconsin"	21.2	56	23.1	61	
2016	"Middletown, Connecticut"	23.4	109	26.2	122	
2016	"Dearborn, Michigan"	20	189	26	246	
2016	"Columbia, Missouri"	12.4	150	15	182	
2016	"Wilkes-Barre, Pennsylvania"	19.9	81	22.6	92	
2016	"Lincoln, California"	4.2	20	5.7	27	
2016	"St. Clair Shores, Michigan"	13.5	81	14.3	86	
2016	"Hampton, Virginia"	20	271	29	393	
2016	"Monterey Park, California"	11.2	69	15.9	98	
2016	"Roy, Utah"	10	38	11.5	44	
2016	"Bellingham, Washington"	13.1	113	20.2	174	
2016	"Issaquah, Washington"	8.8	33	16.4	61	
2016	"Edmond, Oklahoma"	13	119	17.2	158	
2016	"Casselberry, Florida"	17.6	48	20.9	57	
2016	"New York, New York"	42.3	"36,228"	60	"51,399"	
2016	"Reading, Pennsylvania"	18.2	160	20.7	182	
2016	"La Crosse, Wisconsin"	17.5	92	20.8	109	
2016	"Harrisonburg, Virginia"	17.9	95	21.3	113	
2016	"Coconut Creek, Florida"	15.8	96	21.4	130	
2016	"Madera, California"	9.3	60	12	78	
2016	"Oceanside, California"	11.5	204	15.7	278	
2016	"Lone Peak, Utah"	7.3	21	8.3	24	
2016	"Boca Raton, Florida"	19.2	182	30.2	287	
2016	"Idaho Falls, Idaho"	14.6	87	22.1	132	
2016	"Largo, Florida"	17.2	140	22.4	182	
2016	"Rapid City, South Dakota"	15.3	114	19.2	143	
2016	"Millcreek Township, Pennsylvania"	11.5	62	14.4	78	
2016	"Rohnert Park, California"	13.8	59	19.9	85	
2016	"Davenport, Iowa"	15.3	158	17.3	178	
2016	"Redwood City, California"	10.5	91	13.3	116	
2016	"Deer Park, Texas"	16.4	56	24.3	83	
2016	"Fitchburg, Wisconsin"	17.1	49	21.3	61	
2016	"Casa Grande, Arizona"	14.8	77	18.7	97	
2016	"Kennewick, Washington"	11.4	91	13.3	106	
2016	"Chesterfield Township, Michigan"	9.1	41	12.2	55	
2016	"East Brunswick Township, New Jersey"	17.1	84	22.4	110	
2016	"Decatur, Alabama"	24	133	26.7	148	
2016	"Pasadena, California"	16.3	234	24.9	357	
2016	"Walpole, Massachusetts"	15.9	40	21	53	
2016	"Cleveland, Ohio"	37.4	"1,444"	43.4	"1,678"	
2016	"Warminster Township, Pennsylvania"	13.2	43	14.7	48	
2016	"Clearwater, Florida"	20.3	231	30.9	352	
2016	"San Luis Obispo, California"	11.5	55	16.3	78	
2016	"Mount Olive Township, New Jersey"	16.2	47	19.2	56	
2016	"Big Spring, Texas"	11.6	34	17.5	51	
2016	"Athens, Alabama"	18.7	48	23	59	
2016	"McKinney, Texas"	11.1	189	13.8	234	
2016	"San Leandro, California"	9.8	90	14.3	131	
2016	"Springfield, Illinois"	20.7	241	23	268	
2016	"Amherst Town, New York"	12.4	149	14.9	179	
2016	"Jefferson City, Missouri"	20.4	88	29	125	
2016	"Haverford Township, Pennsylvania"	14.2	70	16.7	82	
2016	"Garner, North Carolina"	21.7	62	24.6	70	
2016	"Dedham, Massachusetts"	22.4	57	23.2	59	
2016	"Baytown, Texas"	21.1	163	30.4	235	
2016	"Sanger, California"	13.2	33	14.8	37	
2016	"Delaware, Ohio"	13.5	52	15.3	59	
2016	"Monterey, California"	15.1	43	21.4	61	
2016	"Roseville, Minnesota"	13.4	48	15.6	56	
2016	"Raytown, Missouri"	18	53	24.5	72	
2016	"Sammamish, Washington"	6	32	7.5	40	
2016	"Merrimack, New Hampshire"	15.6	40	20.3	52	
2016	"Fontana, California"	8.8	185	13.1	275	
2016	"Moore, Oklahoma"	14.3	88	15.1	93	
2016	"Bridgewater Township, New Jersey"	16.4	74	18.1	82	
2016	"Covington, Kentucky"	26.3	108	28.2	116	
2016	"Sugar Land, Texas"	16.8	151	19.4	175	
2016	"Royal Oak, Michigan"	13.1	78	15.7	93	
2016	"Loveland, Colorado"	13.4	103	19.4	149	
2016	"Atwater, California"	9.2	27	11.6	34	
2016	"Euless, Texas"	15.3	84	24.1	132	
2016	"New Orleans, Louisiana"	29.5	"1,171"	35.3	"1,403"	
2016	"North Las Vegas, Nevada"	11.2	268	17.4	414	
2016	"Schenectady, New York"	22.4	146	26.3	171	
2016	"Wellesley, Massachusetts"	13.4	39	15.5	45	
2016	"Texas City, Texas"	12.7	61	17	82	
2016	"Savannah-Chatham Metropolitan, Georgia"	23.6	570	34	821	
2016	"Hamilton Township, New Jersey"	19.1	169	23.1	205	
2016	"North Andover, Massachusetts"	13.4	40	17.1	51	
2016	"Akron, Ohio"	22.8	449	24.5	484	
2016	"Medford, Oregon"	12.4	100	17	137	
2016	"Kearny, New Jersey"	25.8	109	27.2	115	
2016	"Yorktown Town, New York"	14.5	54	16.9	63	
2016	"McHenry, Illinois"	17.3	46	21.4	57	
2016	"Framingham, Massachusetts"	20.2	144	22.1	158	
2016	"Appleton, Wisconsin"	14.8	110	18.4	137	
2016	"Lenexa, Kansas"	16.5	88	24	128	
2016	"Northport, Alabama"	23.6	59	30.7	77	
2016	"Buckeye, Arizona"	13.3	86	17.3	112	
2016	"Bergenfield, New Jersey"	17.7	49	18.8	52	
2016	"Wall Township, New Jersey"	25.4	66	35	91	
2016	"Flint Township, Michigan"	12.5	38	14.1	43	
2016	"Tewksbury, Massachusetts"	18.9	59	23.7	74	
2016	"Garfield, New Jersey"	20.7	66	23.8	76	
2016	"West Windsor Township, New Jersey"	16.5	47	20.7	59	
2016	"Gainesville, Florida"	22.8	299	27.4	360	
2016	"Racine, Wisconsin"	24.6	191	27.7	215	
2016	"Yakima, Washington"	14.9	140	19.4	183	
2016	"Haverstraw Town, New York"	17	64	18.3	69	
2016	"Chelmsford, Massachusetts"	14.8	52	18.2	64	
2016	"Wyandotte, Michigan"	12.8	32	18.4	46	
2016	"Gresham, Oregon"	10.9	122	13.7	153	
2016	"Canton Township, Michigan"	9.1	82	13.2	119	
2016	"Mount Pleasant Town, New York"	15.2	41	17.5	47	
2016	"Lynchburg, Virginia"	21.4	172	24.7	198	
2016	"Boynton Beach, Florida"	19.7	148	26.9	202	
2016	"Slidell, Louisiana"	23.8	67	35.2	99	
2016	"Denton, Texas"	12	161	16.2	217	
2016	"Brooklyn Park, Minnesota"	12.9	103	16.7	133	
2016	"Huntsville, Texas"	14	58	15.7	65	
2016	"Plymouth, Minnesota"	9.4	72	11.4	88	
2016	"Oakland Park, Florida"	18.9	85	21.4	96	
2016	"Gloucester, Massachusetts"	15.8	47	17.4	52	
2016	"Port Orange, Florida"	14	85	16.4	99	
2016	"Easton, Pennsylvania"	23	62	24.5	66	
2016	"Atascadero, California"	9.3	28	12.6	38	
2016	"Troy, Michigan"	12.2	102	17.8	149	
2016	"Tigard, Oregon"	14.1	73	17	88	
2016	"Fridley, Minnesota"	14.7	41	16.2	45	
2016	"Irving, Texas"	13.7	330	20	482	
2016	"Greenville, South Carolina"	27.7	182	35	230	
2016	"Allen Park, Michigan"	14.7	40	15.8	43	
2016	"Cumberland, Rhode Island"	12.4	43	15.6	54	
2016	"Norwich, Connecticut"	22.1	88	25.6	102	
2016	"Winston-Salem, North Carolina"	22	536	28.7	699	
2016	"Ross Township, Pennsylvania"	13.9	43	14.6	45	
2016	"Fairbanks, Alaska"	11.4	37	13.2	43	
2016	"Redmond, Oregon"	12.3	36	15.4	45	
2016	"Panama City, Florida"	24.5	95	33.7	131	
2016	"Ocala, Florida"	27.1	159	39.4	231	
2016	"Owatonna, Minnesota"	14	36	15.1	39	
2016	"Marysville, Washington"	9.4	64	12.9	88	
2016	"Harlingen, Texas"	19.7	130	25.8	170	
2016	"Newberg-Dundee, Oregon"	13.4	35	18.8	49	
2016	"Millville, New Jersey"	26.3	74	30.2	85	
2016	"San Bernardino, California"	9.9	215	16.6	360	
2016	"Cypress, California"	10.7	53	13.9	69	
2016	"North Port, Florida"	15.5	98	20	127	
2016	"San Francisco, California"	26.4	"2,296"	33.2	"2,892"	
2016	"Delray Beach, Florida"	23	155	31.6	213	
2016	"Plymouth, Massachusetts"	20.1	119	22.7	134	
2016	"Martinez, California"	8.6	33	11.7	45	
2016	"Pinellas Park, Florida"	19.4	101	23.2	121	
2016	"Lombard, Illinois"	15.5	68	18.7	82	
2016	"Mesa, Arizona"	16.8	804	25.5	"1,221"	
2016	"Newburgh, New York"	30.5	86	35.1	99	
2016	"St. George, Utah"	13.1	107	19	155	
2016	"McAllen, Texas"	18.4	262	28.7	408	
2016	"Lawrence, Massachusetts"	16	129	18.2	147	
2016	"Edinburg, Texas"	16.3	141	22.5	195	
2016	"Upland, California"	9	69	12.5	96	
2016	"Ogden, Utah"	14.9	128	18.2	156	
2016	"Parkersburg, West Virginia"	22	68	24.6	76	
2016	"Campbell, California"	10.1	42	16.2	67	
2016	"New Bern, North Carolina"	26.9	81	34.2	103	
2016	"Maryville, Tennessee"	17.4	50	19.5	56	
2016	"Branford, Connecticut"	17.4	49	22	62	
2016	"Mauldin, South Carolina"	19.2	49	23.5	60	
2016	"Pittsburgh, Pennsylvania"	30	908	32.3	976	
2016	"Leavenworth, Kansas"	14.4	52	20.8	75	
2016	"Summerville, South Carolina"	18.7	94	22.9	115	
2016	"Liberty, Missouri"	13	40	17.6	54	
2016	"Mesquite, Texas"	15	218	20.6	300	
2016	"Beverly, Massachusetts"	16.5	68	17.4	72	
2016	"Windsor, Connecticut"	18.6	54	23.1	67	
2016	"Rotterdam Town, New York"	13.6	40	14.6	43	
2016	"Grand Prairie, Texas"	13.5	257	20.2	384	
2016	"Ramsey, Minnesota"	9.1	24	10.3	27	
2016	"Colorado Springs, Colorado"	13.9	645	19.9	924	
2016	"Wooster, Ohio"	14.9	40	16	43	
2016	"New Milford, Connecticut"	18.4	50	22.9	62	
2016	"Caldwell, Idaho"	12.1	64	14.8	78	
2016	"Taunton, Massachusetts"	20.1	114	21.2	120	
2016	"Champaign, Illinois"	13.7	119	16.2	141	
2016	"Hallandale, Florida"	23	92	32.3	129	
2016	"Hamilton Township, Atlantic County, New Jersey"	18.6	50	27.2	73	
2016	"Everett, Massachusetts"	21.6	101	23.5	110	
2016	"Cookeville, Tennessee"	21.7	70	27.9	90	
2016	"Winter Garden, Florida"	17.1	71	24.1	100	
2016	"Washington, Utah"	9.4	24	10.2	26	
2016	"Palm Beach Gardens, Florida"	20.1	108	29.5	159	
2016	"Shaler Township, Pennsylvania"	9.1	26	9.8	28	
2016	"Janesville, Wisconsin"	15.1	97	16.8	108	
2016	"St. Charles, Illinois"	15.5	52	18.8	63	
2016	"Ann Arbor, Michigan"	10.6	125	12.8	151	
2016	"Rockledge, Florida"	18.5	50	26.3	71	
2016	"Memphis, Tennessee"	30.1	"1,978"	36.3	"2,385"	
2016	"Covina, California"	12	59	17.7	87	
2016	"Northern Lancaster County Regional, Pennsylvania"	6.9	24	7.5	26	
2016	"Garland, Texas"	13.6	326	19	454	
2016	"Monroe Township, Gloucester County, New Jersey"	18.2	67	19.8	73	
2016	"Monroe, Louisiana"	27.6	137	36.2	180	
2016	"Lakeland, Florida"	22.4	237	33.4	353	
2016	"Apopka, Florida"	18.9	94	25.7	128	
2016	"Fond du Lac, Wisconsin"	17	73	18.6	80	
2016	"Pine Bluff, Arkansas"	32.5	143	39.3	173	
2016	"Auburn, Alabama"	17.2	110	18.2	116	
2016	"Youngstown, Ohio"	23.2	149	30.1	193	
2016	"Orange, California"	10.1	143	15	213	
2016	"Napa, California"	8.5	69	13.6	110	
2016	"Columbia, South Carolina"	25.1	338	31.5	424	
2016	"Lincoln, Nebraska"	11.6	327	16.5	465	
2016	"Portland, Maine"	23.4	157	32.2	216	
2016	"East Windsor Township, New Jersey"	15.6	43	17.8	49	
2016	"Banning, California"	8.7	27	13.8	43	
2016	"Visalia, California"	10.3	135	15.2	200	
2016	"Madison, Alabama"	16.8	80	22.2	106	
2016	"Fargo, North Dakota"	13.2	160	15.1	183	
2016	"Sterling Heights, Michigan"	10.9	145	12.5	165	
2016	"Russellville, Arkansas"	17.4	51	19.4	57	
2016	"Oshkosh, Wisconsin"	14.7	98	16.8	112	
2016	"Dover, New Hampshire"	16.1	50	23.5	73	
2016	"Harrisburg, Pennsylvania"	27.1	133	31.6	155	
2016	"Fredericksburg, Virginia"	22.9	66	31.6	91	
2016	"Port Huron, Michigan"	18.5	54	23.6	69	
2016	"League City, Texas"	11.2	114	15.4	156	
2016	"Jeffersonville, Indiana"	17.3	82	18.4	87	
2016	"Victoria, Texas"	15.6	107	20.7	142	
2016	"Huntsville, Alabama"	26	500	31.5	606	
2016	"Teaneck Township, New Jersey"	21.7	89	25.6	105	
2016	"Burlington, Massachusetts"	24.9	65	28	73	
2016	"Shaker Heights, Ohio"	21.8	60	29.8	82	
2016	"Charlottesville, Virginia"	26.4	124	33.4	157	
2016	"Marion, Iowa"	11.9	45	15.1	57	
2016	"Hawthorne, California"	9.9	88	15.2	136	
2016	"Midland, Texas"	13.1	181	17.3	239	
2016	"Lafayette, Louisiana"	19.9	257	24.4	315	
2016	"Watertown, Massachusetts"	19.3	67	20.5	71	
2016	"New Braunfels, Texas"	16	117	19.4	142	
2016	"Lawrence, Kansas"	15.9	151	19.3	184	
2016	"Holly Springs, North Carolina"	14.9	49	18.3	60	
2016	"Mountain View, California"	10.5	86	15.8	129	
2016	"Des Moines, Iowa"	16.2	343	21.1	446	
2016	"Wilmington, Delaware"	41.8	302	49.9	360	
2016	"Mankato, Minnesota"	13.6	56	15.7	65	
2016	"Livonia, Michigan"	15.6	147	19.7	186	
2016	"Northampton, Massachusetts"	22.1	63	24.2	69	
2016	"Fayetteville, Arkansas"	14.5	123	19.9	169	
2016	"Bellevue, Nebraska"	16.3	92	19.2	108	
2016	"Bensalem Township, Pennsylvania"	16.4	99	20.2	122	
2016	"Mason, Ohio"	13.9	46	15.4	51	
2016	"Sahuarita, Arizona"	16.7	43	19.4	50	
2016	"North Attleboro, Massachusetts"	15.2	44	20	58	
2016	"Saginaw Township, Michigan"	10.4	41	11.7	46	
2016	"Ithaca, New York"	21.3	66	23.9	74	
2016	"Avondale, Arizona"	15	122	22.4	183	
2016	"Lakewood, Washington"	16	96	18.6	112	
2016	"Granite City, Illinois"	19.4	56	23.9	69	
2016	"Clifton, New Jersey"	16.8	145	20.6	178	
2016	"Wentzville, Missouri"	17.1	63	22.7	84	
2016	"Lancaster Town, New York"	13.1	49	17.1	64	
2016	"St. Joseph, Missouri"	16.3	125	22.1	169	
2016	"Oro Valley, Arizona"	22.7	100	29	128	
2016	"Southlake, Texas"	20.2	62	22.5	69	
2016	"Monrovia, California"	13.6	51	21.8	82	
2016	"Winona, Minnesota"	14.1	38	15.6	42	
2016	"Altamonte Springs, Florida"	22.5	98	26.2	114	
2016	"Plainfield, New Jersey"	24.6	126	29.7	152	
2016	"Stoughton, Massachusetts"	18.2	52	20.6	59	
2016	"Lancaster, Ohio"	16.8	67	21	84	
2016	"Glen Cove, New York"	18.2	50	19.7	54	
2016	"Kingsville, Texas"	17.9	47	25.5	67	
2016	"Jersey City, New Jersey"	32.5	865	48.1	"1,279"	
2016	"West Warwick, Rhode Island"	18.1	52	21.9	63	
2016	"Whittier, California"	13.7	120	19	167	
2016	"Redondo Beach, California"	13.4	92	20.9	143	
2016	"Rowlett, Texas"	12.4	76	16.7	102	
2016	"Nampa, Idaho"	12.2	112	18.2	167	
2016	"Blue Springs, Missouri"	18	98	25.9	141	
